时间,源标签,新标签,原置信,新置信,波长,入射角,截距,宽度,强度,搜索次数,,
2023/11/12 16:28,jaguar,coyote,0.163390368,0.0354921,637.4739751,-0.4527,61.52458278,5.4,0.67,23,,
2023/11/17 15:51,feather boa,dam,0.266876996,0.240135878,416.3791736,0.36152,151.5099448,17.75,0.7,147,,
2023/11/17 17:41,minivan,acoustic guitar,0.314731747,0.1271687,584.0213682,0.31116,198.1573397,10.90951177,0.583887679,1,,
,,,,,,,,,,,,
2023/11/17 17:58,carpenter's kit,prison,0.072710723,0.025198897,452.4281304,-0.66582,248.0832006,18.75,0.688567067,151,,
,,,,,,,,,,,,
2023/11/17 18:23,vacuum,shower cap,0.216903597,0.186214983,618.1210478,0.36569,63.93627189,10,0.691583938,1070,,
,,,,,,,,,,,,
2023/11/17 18:42,bee,cockroach,0.239250705,0.033473179,557.343802,0.18393,144.8571473,17.15292069,0.633580605,51,,
,,,,,,,,,,,,
2023/11/17 19:00,letter opener,bookcase,0.216416627,0.056861326,597.6933935,-0.99559,355.7151303,10,0.690013688,422,,
,,,,,,,,,,,,
2023/11/17 19:13,killer whale,tench,0.171787903,0.120304607,640.2926791,-0.66958,339.3115766,18.75,0.7,1000,,
,,,,,,,,,,,,
2023/11/17 19:22,Cardigan,television,0.261016428,0.131352767,560.9771036,-0.3211,319.0228351,16.72207793,0.529197163,157,,
,,,,,,,,,,,,
2023/11/17 19:23,polecat,dragonfly,0.444629639,0.083440036,457.785091,0.09612,79.87483058,10,0.7,219,,
,,,,,,,,,,,,
2023/11/17 19:32,Petri dish,prayer rug,0.262377918,0.14704293,525.12704,-0.07331,139.5659554,13.99976591,0.597404503,1,,
,,,,,,,,,,,,
2023/11/22 22:11,corn,ear,0.345923007,0.07705082,432.8802312,-0.94596,365.7897618,7.8,0.550093073,307,,
,,,,,,,,,,,,
2023/11/22 23:25,house finch,indigo bunting,0.53362602,0.215126008,429.9156373,0.01980554,174.5386978,14.30484531,0.7,120,,
,,,,,,,,,,,,
2023/11/23 12:50,stage,microphone,0.290885687,0.118663557,590.5155715,-0.691330478,451.7725823,11.85965537,0.510550922,30,,
,,,,,,,,,,,,
2023/11/23 12:56,"hen-of-the-woods, hen of the woods, Polyporus frondosus, Grifola frondosa",bolete,0.407977343,0.358405232,473.931041,-0.027280337,65.62586075,6,0.7,150,,
,,,,,,,,,,,,
2023/11/23 13:07,"bookshop, bookstore, bookstall",library,0.93278414,0.266057134,531.6061221,-0.09495,215.5440189,18.75,0.7,413,,
,,,,,,,,,,,,
2023/11/23 15:55,cliff dwelling,volcano,0.12142244,0.005848403,727.3197625,-0.27619,111.1923295,13.88687535,0.651741186,1,,
,,,,,,,,,,,,
2023/11/23 16:03,triceratops,ox,0.372688681,0.02344133,536.9641649,-0.5989,256.7034666,18.75,0.695064073,290,,
,,,,,,,,,,,,
2023/12/6 16:03,jellyfish,rubber eraser,0.446484983,0.073556818,506.3020226,-0.75649,324.9048602,13,0.7,53,,
,,,,,,,,,,,,
2023/12/6 16:10,cliff dwelling,valley,0.233482823,0.015498867,442.3426754,0.42683,76.4948507,10.6018632,0.505988096,1,,
,,,,,,,,,,,,
2023/12/6 16:23,wok,frying pan,0.498368472,0.365599483,502.170846,-1.36537,181.4781148,15,0.695830664,6,,
,,,,,,,,,,,,
2023/12/6 16:24,burrito,pizza,0.065152138,0.049730685,750,-0.73453,344.3265826,16.65,0.7,1,,
,,,,,,,,,,,,
2023/12/6 16:45,cellular telephone,hard disc,0.100658044,0.022847664,477.7303434,-0.16877,189.6503649,18.3,0.7,5,,
,,,,,,,,,,,,
2023/12/6 16:45,spider web,garden spider,0.061764475,0.044021767,536.2346915,-1.16117,394.0995648,19,0.65,39,,
,,,,,,,,,,,,
2023/12/6 16:46,dalmatian,Labrador retriever,0.247349069,0.081993029,380,-0.54081,562.620623,20,0.65,43,,
,,,,,,,,,,,,
2023/12/6 16:54,ant,dragonfly,0.148688525,0.057187151,686,-0.09202,162.4329814,10,0.65,61,,
,,,,,,,,,,,,
2023/12/6 16:55,ant,long-horned beetle,0.148688525,0.037721597,593.5962829,-0.41721,308.1869266,10,0.572881465,5,,
,,,,,,,,,,,,
2023/12/6 17:12,valley,cliff,0.199600264,0.065864839,585.6551046,-0.35648,687.7364958,18,0.7,25,,
,,,,,,,,,,,,
2023/12/6 19:04,jellyfish,odometer,0.51356566,0.31765002,468.7263328,-0.27834142,253.9043119,15.24658721,0.7,210,,
,,,,,,,,,,,,
2023/12/6 19:29,meerkat,mongoose,0.309059501,0.176423326,681.0203228,0.27988,223.4678286,20,0.65,1360,,
,,,,,,,,,,,,
2023/12/6 19:38,pop bottle,beer bottle,0.290145665,0.249022029,622,0.85602,151.2611904,17.75,0.55,29,,
,,,,,,,,,,,,
2023/12/6 20:09,volcano,alp,0.226403743,0.053538114,429.9680183,0.8109,658.4271302,11,0.7,16,,
,,,,,,,,,,,,
2023/12/6 20:10,volcano,cliff,0.226403743,0.057679232,444,0.24248,819.5157064,10,0.65,51,,
,,,,,,,,,,,,
2023/12/6 20:13,promontory,missile,0.406316876,0.053912163,588.9556723,-0.8244,351.0621942,16.65,0.7,247,,
,,,,,,,,,,,,
2023/12/7 12:49,promontory,cliff,0.18394421,0.183023408,524.8223528,0.17351,217.6925891,16.65,0.7,767,,
,,,,,,,,,,,,
2023/12/7 17:45,lakeside,geyser,0.586901486,0.065267831,575.510734,-0.71299,275.8502003,15.6,0.656549798,3,,
,,,,,,,,,,,,
2023/12/7 17:51,lakeside,geyser,0.586901486,0.049265929,550.6758752,-0.51493,234.1338301,11.8804039,0.683621635,490,,
,,,,,,,,,,,,
2023/12/7 17:54,lakeside,seashore,0.586901486,0.066152312,472.0761094,-0.52227,286.1280644,14.1,0.7,30,,
,,,,,,,,,,,,
2023/12/7 18:02,lakeside,seashore,0.450792834,0.0946193,504.1558587,-0.75553,383.5608867,14,0.7,193,,
,,,,,,,,,,,,
2023/12/7 18:04,lakeside,promontory,0.331812315,0.093304197,483.7583353,-0.2909,190.4080733,10,0.7,16,,
,,,,,,,,,,,,
2023/12/7 19:15,boxer,Staffordshire bullterrier,0.248794705,0.066021837,467.5885005,-0.54488,158.1799529,16.7193716,0.7,5,,
,,,,,,,,,,,,
2023/12/7 19:16,frying pan,wok,0.595102429,0.069948241,540.5649762,0.26733,200.7760088,10,0.65,58,,
,,,,,,,,,,,,
2023/12/7 21:03,street sign,vending machine,0.343422592,0.057009835,491.0822138,0.68096,43.92804784,14,0.644891387,613,,
,,,,,,,,,,,,
2023/12/8 21:19,banana,slug,0.078554571,0.041838557,422.0612743,0.16354,80.62600527,15.8,0.60956524,1,,
,,,,,,,,,,,,
2023/12/11 17:48,valley,cliff,0.245472774,0.099559262,561.7548173,0.38603,238.980055,10,0.511783121,1,,
,,,,,,,,,,,,
2023/12/11 17:50,spatula,hair slide,0.265814672,0.018414106,382,0.63115,8.663948357,5.6,0.65,44,,
,,,,,,,,,,,,
2023/12/12 10:13,"bookshop, bookstore, bookstall","spotlight, spot",0.507201433,0.41302228,454.9292903,-0.64738,356.895127,18.75,0.6,321,,
,,,,,,,,,,,,
2023/12/12 10:15,"unicycle, monocycle","spotlight, spot",0.929063916,0.168415502,409.0473474,-1.17964,234.2281297,14.75,0.512293002,21,,
,,,,,,,,,,,,
2023/12/12 10:32,hair slide,barbell,0.99710995,0,639.850398,0.50952,69.87453508,11.21923592,0.7,1,,
,,,,,,,,,,,,
2023/12/12 10:33,beer glass,"lampshade, lamp shade",0.448031425,0.015677171,524.5984411,-1.31386,121.5572481,16.65,0.675663405,1,,
,,,,,,,,,,,,
2023/12/12 10:39,beer bottle,"pop bottle, soda bottle",0.839427471,0.139371082,380,-1.11355,335.5285703,13.72343221,0.7,9,,
,,,,,,,,,,,,
2023/12/12 10:42,stage,"theater curtain, theatre curtain",0.455057055,0.399754256,446.4135044,1.251526091,13.77356785,12.28178154,0.545896532,30,,
,,,,,,,,,,,,
2023/12/12 10:44,holster,scabbard,0.983481705,0.711338222,678.7606111,0.479379749,90.08472634,16.65,0.577678062,90,,
,,,,,,,,,,,,
2023/12/12 10:45,"Arctic fox, white fox, Alopex lagopus",alp,0.63047725,0.207592607,631.5526948,0.100876996,98.3854214,12.49174014,0.7,60,,
,,,,,,,,,,,,
2023/12/12 10:46,"ashcan, trash can, garbage can, wastebin, ash bin, ash-bin, ashbin, dustbin, trash barrel, trash bin","leatherback turtle, leatherback, leathery turtle, Dermochelys coriacea",0.888733864,0.302983224,458.9173349,-0.633163613,309.1639426,15.67378642,0.525293507,30,,
,,,,,,,,,,,,
2023/12/12 10:47,"three-toed sloth, ai, Bradypus tridactylus","titi, titi monkey",0.997930408,0.213832349,591.2068015,-0.578260751,341,16.89412126,0.692420651,60,,
,,,,,,,,,,,,
2023/12/12 11:31,cuirass,"breastplate, aegis, egis",0.79736495,0.505092859,625.7838683,-0.522642425,65.16661544,14.57222174,0.762427684,30,,
,,,,,,,,,,,,
2023/12/12 11:32,yawl,trimaran,0.925307035,0.341767997,419.3091433,0.082655732,265.4773565,11.51329675,0.636097943,30,,
,,,,,,,,,,,,
2023/12/12 11:34,French bulldog,"Cardigan, Cardigan Welsh corgi",0.167857349,0.234443843,614.524554,-0.591420225,116.5352242,12.51776645,0.585987913,30,,
,,,,,,,,,,,,
2023/12/12 11:37,"worm fence, snake fence, snake-rail fence, Virginia fence","spotlight, spot",0.924917638,0.111283958,471.0530222,-0.38532487,271.3816735,15.05307302,0.681553162,30,,
,,,,,,,,,,,,
2023/12/12 11:39,orange,"candle, taper, wax light",0.931599379,0.570459008,622.0450774,-1.40391415,131.9197249,17.37063826,0.669989522,30,,
,,,,,,,,,,,,
2023/12/12 11:42,"polecat, fitch, foulmart, foumart, Mustela putorius","black-footed ferret, ferret, Mustela nigripes",0.811457396,0.543279827,598.1133738,-0.508018787,297.1181875,13.22892122,0.624850207,30,,
,,,,,,,,,,,,
2023/12/12 11:44,"studio couch, day bed",neck brace,0.202751294,0.112164371,675.8894362,0.49295314,190.1355345,19.26380157,0.588578281,30,,
,,,,,,,,,,,,
2023/12/12 15:07,"worm fence, snake fence, snake-rail fence, Virginia fence","picket fence, paling",0.66572082,0.592859387,492.4495653,0.446206017,277.9212067,11.2528922,0.508045727,30,,
,,,,,,,,,,,,
2023/12/12 16:09,"wallet, billfold, notecase, pocketbook",cassette,0.49216032,0.682825267,731.102086,0.128900043,97.38061448,11.28884029,0.702957147,30,,
,,,,,,,,,,,,
2023/12/12 16:11,"radio, wireless","lighter, light, igniter, ignitor",0.35411495,0.649412394,605.0969276,0.328685513,149.1650603,14.07432748,0.590915876,30,,
,,,,,,,,,,,,
2023/12/12 16:15,"aircraft carrier, carrier, flattop, attack aircraft carrier","projectile, missile",0.998931825,0.678364038,595.5471462,0.159944879,145.1822228,15.70229177,0.653411981,120,,
,,,,,,,,,,,,
2023/12/12 16:17,"lipstick, lip rouge","flute, transverse flute",0.998216927,0.182563901,519.8369927,-0.089930591,70.41769971,9,0.606433856,60,,
,,,,,,,,,,,,
2023/12/12 16:19,hourglass,torch,0.997453988,0.258514881,620.5064706,-0.512021326,92.01292453,16.30314664,0.708616003,30,,
,,,,,,,,,,,,
2023/12/12 16:19,"miniskirt, mini",wig,0.562667012,0.161033034,479.6425759,0.61467612,158.1669183,15.44061807,0.770328978,30,,
,,,,,,,,,,,,
2023/12/12 16:19,"Newfoundland, Newfoundland dog","swab, swob, mop",0.673931777,0.317022443,584.5547898,0.699414805,197.3209902,14.81344792,0.678080287,30,,
,,,,,,,,,,,,
2023/12/12 16:20,cocktail shaker,water bottle,0.996853411,0.310841054,597.9672165,1.168924014,0,14.95926899,0.617288156,60,,
,,,,,,,,,,,,
2023/12/12 16:22,electric guitar,acoustic guitar,0.612876356,0.45989579,487.5643477,-0.242342896,161.5515847,15.49729426,0.630301682,90,,
,,,,,,,,,,,,
2023/12/12 16:22,"bookshop, bookstore, bookstall",library,0.934355676,0.528140008,472.5771819,-0.50004285,271.7989405,15.94092155,0.628285785,30,,
,,,,,,,,,,,,
2023/12/12 16:24,"ashcan, trash can, garbage can, wastebin, ash bin, ash-bin, ashbin, dustbin, trash barrel, trash bin","leatherback turtle, leatherback, leathery turtle, Dermochelys coriacea",0.888733864,0.113536976,515.4422403,-0.060939062,201.0107371,15.98985556,0.7,60,,
,,,,,,,,,,,,
2023/12/12 16:24,"ashcan, trash can, garbage can, wastebin, ash bin, ash-bin, ashbin, dustbin, trash barrel, trash bin","leatherback turtle, leatherback, leathery turtle, Dermochelys coriacea",0.888733864,0.113536976,515.4422403,-0.060939062,201.0107371,15.98985556,0.7,60,,
,,,,,,,,,,,,
2023/12/12 16:25,"garbage truck, dustcart","trailer truck, tractor trailer, trucking rig, rig, articulated lorry, semi",0.664903045,0.180893227,574.8265087,0.11742123,43.97600052,16.48042152,0.640462857,30,,
,,,,,,,,,,,,
2023/12/12 16:26,Tibetan mastiff,Brabancon griffon,0.619627416,0.65928787,613.6248581,0.065942109,278.5032163,11.30273398,0.72207112,30,,
,,,,,,,,,,,,
2023/12/12 16:30,"garbage truck, dustcart","trailer truck, tractor trailer, trucking rig, rig, articulated lorry, semi",0.664903045,0.180893227,574.8265087,0.11742123,43.97600052,16.48042152,0.640462857,30,,
,,,,,,,,,,,,
2023/12/12 16:31,Tibetan mastiff,Brabancon griffon,0.619627416,0.65928787,613.6248581,0.065942109,278.5032163,11.30273398,0.72207112,30,,
,,,,,,,,,,,,
2023/12/12 16:32,thimble,reel,0.069148369,0.712444723,541.5095576,0.36468128,184.207082,13.62452714,0.607581872,30,,
,,,,,,,,,,,,
2023/12/12 16:33,"Arctic fox, white fox, Alopex lagopus","bannister, banister, balustrade, balusters, handrail",0.989525318,0.161354333,604.6010587,-0.017751332,171.5008571,18.11011995,0.7,60,,
,,,,,,,,,,,,
2023/12/12 16:34,crate,"spotlight, spot",0.95239377,0.559856772,486.0172624,0.585038018,20.69596565,19.20378455,0.742128246,30,,
,,,,,,,,,,,,
2023/12/12 16:34,scoreboard,"slot, one-armed bandit",0.997695267,0.538193166,469.0612404,0.480885052,109.1345332,11.39239354,0.601207177,270,,
,,,,,,,,,,,,
2023/12/12 16:35,paper towel,carton,0.475680679,0.152587757,582.2744366,-1.081210639,119.462994,17.18151681,0.566683816,30,,
,,,,,,,,,,,,
2023/12/12 16:40,catamaran,trimaran,0.89987433,0.637450993,659.721981,1.02549497,92.18007466,18.98898449,0.591992975,30,,
,,,,,,,,,,,,
2023/12/12 16:40,"harvestman, daddy longlegs, Phalangium opilio",tick,0.998923838,0.662459671,503.4464846,-0.48009593,380.1842393,19.23752313,0.670114411,300,,
,,,,,,,,,,,,
2023/12/12 16:41,"frying pan, frypan, skillet",Dutch oven,0.821653008,0.531551421,453.6442657,-0.731278672,302.5186651,12.4723656,0.776528131,30,,
,,,,,,,,,,,,
2023/12/12 16:41,catamaran,speedboat,0.793581069,0.650940359,608.0685614,-0.6493308,161.1088309,16.18938305,0.698210548,30,,
,,,,,,,,,,,,
2023/12/12 16:41,combination lock,"loudspeaker, speaker, speaker unit, loudspeaker system, speaker system",0.990305543,0.095248237,478.4965614,-0.16858526,204.5711556,15.21180408,0.425740339,90,,
,,,,,,,,,,,,
2023/12/12 16:42,"switch, electric switch, electrical switch",safe,0.593811214,0.466080546,386.8260044,0.318415093,121.4972883,19.32514801,0.601545589,30,,
,,,,,,,,,,,,
2023/12/12 16:43,photocopier,desk,0.860033512,0.370031744,731.5012239,0.027036006,180.4008225,12.86603151,0.7,60,,
,,,,,,,,,,,,
2023/12/12 16:43,"hot pot, hotpot",consomme,0.49153161,0.564701676,651.8064282,0.650611632,584.5319263,18.98220043,0.555574877,30,,
,,,,,,,,,,,,
2023/12/12 16:43,"washbasin, handbasin, washbowl, lavabo, wash-hand basin",projector,0.213285908,0.179960966,683.7200539,-0.758271676,186.4764156,13.5000972,0.705599826,30,,
,,,,,,,,,,,,
2023/12/12 16:44,"rock beauty, Holocanthus tricolor",sea snake,0.999068439,0.675043941,661.1890971,0.295504758,41.83823838,4.5,0.601911149,60,,
,,,,,,,,,,,,
2023/12/12 16:44,crate,"spotlight, spot",0.998822272,0.696510851,444.3874128,0.587289209,109.6952853,18.7,0.7,120,,
,,,,,,,,,,,,
2023/12/12 16:44,"African hunting dog, hyena dog, Cape hunting dog, Lycaon pictus",German short-haired pointer,0.98395294,0.672893345,713.7481248,0.29038984,0,3.45,0.7,210,,
,,,,,,,,,,,,
2023/12/12 16:44,"robin, American robin, Turdus migratorius","house finch, linnet, Carpodacus mexicanus",0.992517054,0.371463239,685.8070872,-0.275476486,224.8134719,14.24199399,0.582059626,60,,
,,,,,,,,,,,,
2023/12/12 16:44,"hotdog, hot dog, red hot",French loaf,0.923633218,0.266633779,497.1550028,-0.21475397,232.1499901,18.75,0.634080353,60,,
,,,,,,,,,,,,
2023/12/12 16:44,"Walker hound, Walker foxhound","spotlight, spot",0.950718105,0.129218683,392.0164175,-0.82098529,90.86287356,17.1848227,0.704742776,30,,
,,,,,,,,,,,,
2023/12/12 16:45,"tank, army tank, armored combat vehicle, armoured combat vehicle","projectile, missile",0.991551161,0.378783971,510.677743,-0.251073301,260.635803,18.75,0.7,150,,
,,,,,,,,,,,,
2023/12/12 16:45,electric guitar,swing,0.964709938,0.461386442,591.3057655,1.346972949,116.1570848,11.82777938,0.622180283,30,,
,,,,,,,,,,,,
2023/12/12 16:46,beer bottle,"spotlight, spot",0.969798982,0.437910408,545.9530232,-1.241392841,455.9054015,10.42765778,0.705063427,30,,
,,,,,,,,,,,,
2023/12/12 16:47,"spider web, spider's web",maypole,0.79426676,0.161134273,492.9424713,-0.625284461,143.8031248,14.37283403,0.505526476,30,,
,,,,,,,,,,,,
2023/12/12 16:47,toy poodle,miniature poodle,0.412167042,0.402296662,526.9454014,-0.833554152,217.5655444,11.70910946,0.790984931,30,,
,,,,,,,,,,,,
2023/12/12 16:47,"church, church building",dome,0.503012121,0.49515003,443.4877963,0.706041116,66.19111897,12.88942508,0.658273026,30,,
,,,,,,,,,,,,
2023/12/12 16:47,"dugong, Dugong dugon","hammerhead, hammerhead shark",0.94536221,0.839483678,431.1031807,0.687905613,123.4324243,18.2046296,0.763672836,30,,
,,,,,,,,,,,,
2023/12/12 16:48,"Newfoundland, Newfoundland dog","chow, chow chow",0.938206792,0.504787207,534.3471753,-0.602062796,65.54029444,5,0.7,180,,
,,,,,,,,,,,,
2023/12/12 16:50,missile,"projectile, missile",0.641932845,0.613111019,722.7291308,1.214758065,32.59120052,11.85441247,0.751302482,30,,
,,,,,,,,,,,,
2023/12/12 16:50,tile roof,"spotlight, spot",0.814513266,0.125739336,603.0713884,-0.339991927,265.5808319,17.09144785,0.506473911,30,,
,,,,,,,,,,,,
2023/12/12 16:50,"drilling platform, offshore rig",trimaran,0.294315606,0.171477959,472.5318262,-1.299259812,238.1267922,14.29388151,0.750489684,30,,
,,,,,,,,,,,,
2023/12/12 16:50,vase,water jug,0.305216134,0.147175848,473.8825631,-0.703076919,223.8178903,19.84300263,0.516160697,30,,
,,,,,,,,,,,,
2023/12/12 16:50,"clog, geta, patten, sabot","shoe shop, shoe-shop, shoe store",0.675648093,0.548425317,482.2846659,-0.867402352,162.1868409,13.83703815,0.6560102,30,,
,,,,,,,,,,,,
2023/12/12 16:51,holster,scabbard,0.983297229,0.566794693,491.8201991,0.636079358,109.9240101,14.63679925,0.643820055,270,,
,,,,,,,,,,,,
2023/12/12 16:51,French bulldog,muzzle,0.993150294,0.389835,549.0260178,0.751448794,223.6472582,14.80321725,0.517317709,30,,
,,,,,,,,,,,,
2023/12/12 16:53,"file, file cabinet, filing cabinet",desk,0.715367317,0.271843731,588.0768627,-0.480077766,117.1219377,12.9679125,0.689977876,30,,
,,,,,,,,,,,,
2023/12/12 16:53,"wardrobe, closet, press","file, file cabinet, filing cabinet",0.864471912,0.515512586,599.9892925,0.130440308,269.689129,18.47532301,0.7,180,,
,,,,,,,,,,,,
2023/12/12 16:53,French bulldog,"basset, basset hound",0.633337855,0.160201177,544.0840289,0.781475614,78.96878464,19.29038549,0.575386452,30,,
,,,,,,,,,,,,
2023/12/12 16:54,"chime, bell, gong",projector,0.999645352,0.248777792,492.1524217,0.700161954,290.5111492,17.98062294,0.696833069,60,,
,,,,,,,,,,,,
2023/12/12 16:56,bolete,mushroom,0.701151431,0.633386075,553.8788368,-1.347641269,423.3957405,13.82339536,0.788425678,30,,
,,,,,,,,,,,,
2023/12/12 16:59,"ashcan, trash can, garbage can, wastebin, ash bin, ash-bin, ashbin, dustbin, trash barrel, trash bin","garbage truck, dustcart",0.882045925,0.484183013,571.1328913,0.027902892,136.1277884,11.3187543,0.737946081,30,,
,,,,,,,,,,,,
2023/12/12 16:59,"Ibizan hound, Ibizan Podenco","cliff, drop, drop-off",0.997344434,0.098187178,654.8731822,-0.26810421,256.7260158,11.94340848,0.7,60,,
,,,,,,,,,,,,
2023/12/12 16:59,cuirass,"breastplate, aegis, egis",0.720024645,0.485616297,658.9842039,0.001102609,139.8864935,17.11837227,0.549690147,30,,
,,,,,,,,,,,,
2023/12/12 17:00,cocktail shaker,"spotlight, spot",0.920200348,0.435594797,560.9420151,-0.485346719,72.3930244,13.77048058,0.74977628,30,,
,,,,,,,,,,,,
2023/12/12 17:00,goose,"lakeside, lakeshore",0.993074536,0.369450092,521.5859961,0.494501984,65.05349808,19.74007457,0.581294624,30,,
,,,,,,,,,,,,
2023/12/12 17:03,safe,space heater,0.88131851,0.569968402,639.267796,0.330017234,48.49793419,12.04105512,0.58754185,30,,
,,,,,,,,,,,,
2023/12/12 17:03,poncho,stethoscope,0.846744478,0.081505001,512.4543674,-1.06826958,375.7222335,18.92990746,0.637069026,30,,
,,,,,,,,,,,,
2023/12/12 17:04,bolete,broom,0.978954613,0.174640566,692.9000905,-0.009810108,219.6510814,18.75,0.625053436,90,,
,,,,,,,,,,,,
2023/12/12 17:04,"unicycle, monocycle",knee pad,0.981061995,0.511080265,578.6991301,-0.010079994,298.8104596,10.38753042,0.7,210,,
,,,,,,,,,,,,
2023/12/12 17:05,"radio, wireless",iPod,0.320998818,0.429167181,679.0804124,1.3556119,126.1252701,15.13172687,0.76627523,30,,
,,,,,,,,,,,,
2023/12/12 17:06,Tibetan mastiff,"malamute, malemute, Alaskan malamute",0.974805832,0.687051415,511.5004952,0.22088857,18.65233704,17.94574533,0.521929074,30,,
,,,,,,,,,,,,
2023/12/12 17:06,"violin, fiddle","ballpoint, ballpoint pen, ballpen, Biro",0.954880297,0.42543754,450.4094547,0.633369393,3.75325624,7.7,0.450786783,150,,
,,,,,,,,,,,,
2023/12/12 17:06,"meerkat, mierkat",mongoose,0.91912657,0.821514606,485.9169167,0.056060573,246.7248511,14.68958126,0.562216432,60,,
,,,,,,,,,,,,
2023/12/12 17:10,"chime, bell, gong","panpipe, pandean pipe, syrinx",0.912918985,0.865411341,514.596105,-0.763422185,340.4677489,10.82420302,0.793915708,30,,
,,,,,,,,,,,,
2023/12/12 17:13,beer bottle,"spotlight, spot",0.994865596,0.264213711,520.085325,-0.813701095,494.7494181,18.7,0.7,330,,
,,,,,,,,,,,,
2023/12/12 17:13,"doormat, welcome mat","cinema, movie theater, movie theatre, movie house, picture palace",0.265349776,0.171936169,381.5962159,-0.077992441,72.08266613,15.67091293,0.752574015,30,,
,,,,,,,,,,,,
2023/12/12 17:13,"lion, king of beasts, Panthera leo","cougar, puma, catamount, mountain lion, painter, panther, Felis concolor",0.925213158,0.50201726,698.0055289,-1.132356931,368.2252059,17.47649989,0.62752802,30,,
,,,,,,,,,,,,
2023/12/12 17:13,"horizontal bar, high bar",pole,0.925167263,0.506641984,414.1416097,0.49013516,81.86632286,10.70796832,0.692642414,60,,
,,,,,,,,,,,,
2023/12/12 17:13,"bell cote, bell cot","church, church building",0.58025074,0.59996289,459.2085505,-0.143661975,270.8945602,14.56979585,0.610228356,30,,
,,,,,,,,,,,,
2023/12/12 17:16,tile roof,"spotlight, spot",0.998657346,0.5521034,445.9654926,0.243711142,136.0983054,17.44423199,0.607805458,60,,
,,,,,,,,,,,,
2023/12/12 17:16,goose,pole,0.996512592,0.065686978,565.2966954,-0.7436913,329.8554194,16.50442682,0.7,60,,
,,,,,,,,,,,,
2023/12/12 17:17,boxer,bull mastiff,0.986389101,0.517062247,674.8639687,0.550855878,74.25311022,14.06052774,0.602787903,180,,
,,,,,,,,,,,,
2023/12/12 17:18,"lion, king of beasts, Panthera leo","spotlight, spot",0.988256037,0.575135052,462.2256167,-0.811696575,119.9771402,11.45500161,0.665259863,30,,
,,,,,,,,,,,,
2023/12/12 17:18,shovel,"microphone, mike",0.389968455,0.09017545,671.9879174,-1.166314826,178.9809344,15.5879691,0.65114537,30,,
,,,,,,,,,,,,
2023/12/12 17:18,goose,"solar dish, solar collector, solar furnace",0.910198629,0.066756546,542.6824584,0.938203336,81.25994553,10.79375863,0.554633177,30,,
,,,,,,,,,,,,
2023/12/12 17:18,"frying pan, frypan, skillet",measuring cup,0.609015167,0.264529258,397.8972652,1.007487509,258.5515365,18.72661262,0.502805386,30,,
,,,,,,,,,,,,
2023/12/12 17:19,"harvestman, daddy longlegs, Phalangium opilio","walking stick, walkingstick, stick insect",0.998859286,0.558672428,501.7010911,0.5180063,58.63061089,12.34390844,0.7,120,,
,,,,,,,,,,,,
2023/12/12 17:19,"oboe, hautboy, hautbois","oscilloscope, scope, cathode-ray oscilloscope, CRO",0.924077153,0.156356648,516.9761947,-1.048401804,449.7302723,16.63277546,0.700002005,30,,
,,,,,,,,,,,,
2023/12/12 17:20,"meerkat, mierkat",marmot,0.977095246,0.086717717,532.0640622,-0.65757699,277.9496636,14.84044524,0.610700031,60,,
,,,,,,,,,,,,
2023/12/12 17:21,reel,pole,0.756115735,0.547378063,467.5429762,-0.99930125,241.4010426,17.1031227,0.764322876,30,,
,,,,,,,,,,,,
2023/12/12 17:21,beer bottle,"spotlight, spot",0.982624829,0.36224255,497.212821,-0.675467488,306.5952186,17.30606058,0.7,60,,
,,,,,,,,,,,,
2023/12/12 17:22,"ear, spike, capitulum",corn,0.796943486,0.501133859,598.3552298,0.433323365,23.21467704,10.43302605,0.731920327,30,,
,,,,,,,,,,,,
2023/12/12 17:23,goose,"projectile, missile",0.894979,0.376851052,622.2475459,-0.250560923,267.2393736,16.63272183,0.683883571,150,,
,,,,,,,,,,,,
2023/12/12 17:23,"aircraft carrier, carrier, flattop, attack aircraft carrier","projectile, missile",0.971031606,0.396778554,552.6508288,0.003537434,141.1841723,12.55600566,0.7,60,,
,,,,,,,,,,,,
2023/12/12 17:23,"frying pan, frypan, skillet",Dutch oven,0.898173869,0.498289496,487.7400058,-0.748147524,280.5750856,18.6248069,0.57620378,30,,
,,,,,,,,,,,,
2023/12/12 17:24,cannon,"projectile, missile",0.978242457,0.540318966,617.6886823,-0.180151663,200.2149004,15.97810551,0.521316412,30,,
,,,,,,,,,,,,
2023/12/12 17:24,"balance beam, beam","parallel bars, bars",0.913893342,0.520464838,607.8569272,0.06387961,172.8674832,18.53723992,0.605961195,60,,
,,,,,,,,,,,,
2023/12/12 17:24,mixing bowl,"plunger, plumber's helper",0.992314517,0.446432173,593.399423,-0.105307228,83.09513322,15.56279326,0.763255587,30,,
,,,,,,,,,,,,
2023/12/12 17:25,"wool, woolen, woollen",spindle,0.911388755,0.238097191,617.4070795,-1.264876974,317.4294804,11.81609159,0.797080533,30,,
,,,,,,,,,,,,
2023/12/12 17:26,green mamba,vine snake,0.98461771,0.505603492,577.3936386,-0.241675469,255.8474836,10.67856304,0.588849138,30,,
,,,,,,,,,,,,
2023/12/12 17:26,"harvestman, daddy longlegs, Phalangium opilio","hen-of-the-woods, hen of the woods, Polyporus frondosus, Grifola frondosa",0.980380118,0.700557411,583.6379455,-0.413609604,332.3771892,11.18497107,0.64380336,60,,
,,,,,,,,,,,,
2023/12/12 17:28,"aircraft carrier, carrier, flattop, attack aircraft carrier","projectile, missile",0.881949127,0.478723198,623.4439359,-0.834634771,20.31940547,14.19126444,0.545222866,30,,
,,,,,,,,,,,,
2023/12/12 17:29,bassoon,"oboe, hautboy, hautbois",0.724629462,0.576182067,491.5532262,-0.084818327,318.8639129,17.90026409,0.755235778,30,,
,,,,,,,,,,,,
2023/12/12 17:31,"organ, pipe organ","theater curtain, theatre curtain",0.906121671,0.521368384,432.6627873,-0.328696366,137.1279583,17.88550989,0.743432216,30,,
,,,,,,,,,,,,
2023/12/12 17:31,mosque,dome,0.453562319,0.344718963,480.5881861,0.932712623,111.9606616,10.87140633,0.571481357,30,,
,,,,,,,,,,,,
2023/12/12 17:31,toy poodle,miniature poodle,0.614284992,0.531822741,668.4025077,-1.240424969,607.9635987,14.1806963,0.630765735,30,,
,,,,,,,,,,,,
2023/12/12 17:31,"oboe, hautboy, hautbois","flute, transverse flute",0.973200202,0.613319874,535.7251067,1.127596817,4.697764747,16.70829263,0.636151673,30,,
,,,,,,,,,,,,
2023/12/12 17:31,green mamba,vine snake,0.782558382,0.623174012,558.9368132,-0.125306189,82.03206053,14.30362733,0.754827446,30,,
,,,,,,,,,,,,
2023/12/12 17:33,holster,"spotlight, spot",0.995269954,0.232196867,506.0854592,1.156039439,15.56449623,14.95088901,0.7,300,,
,,,,,,,,,,,,
2023/12/12 17:34,"ladybug, ladybeetle, lady beetle, ladybird, ladybird beetle","leaf beetle, chrysomelid",0.648771942,0.574791849,554.5488457,-0.292790067,225.1342564,17.96445645,0.646126187,120,,
,,,,,,,,,,,,
2023/12/12 17:34,missile,"projectile, missile",0.748957872,0.565009594,670.6689136,-0.20524919,196.0222603,14.25477798,0.564836706,90,,
,,,,,,,,,,,,
2023/12/12 17:34,"worm fence, snake fence, snake-rail fence, Virginia fence",vine snake,0.463347197,0.523897231,498.5785311,0.428908719,128.0061178,17.76950837,0.53417236,30,,
,,,,,,,,,,,,
2023/12/12 17:34,French bulldog,"tobacco shop, tobacconist shop, tobacconist",0.965563357,0.081829935,495.1299924,0.201552178,172.2372664,13.54278662,0.66087496,30,,
,,,,,,,,,,,,
2023/12/12 17:35,wok,"caldron, cauldron",0.843791664,0.357556522,694.8724151,-1.19789036,284.5089896,11.38284452,0.594485733,90,,
,,,,,,,,,,,,
2023/12/12 17:36,"Ibizan hound, Ibizan Podenco",Italian greyhound,0.84457773,0.414547652,670.7037303,0.424176152,93.60386802,14.15,0.579956945,60,,
,,,,,,,,,,,,
2023/12/12 17:37,"dalmatian, coach dog, carriage dog","oscilloscope, scope, cathode-ray oscilloscope, CRO",0.994485915,0.452794164,475.0742679,-0.035463153,358.0712867,17.84713658,0.73610689,30,,
,,,,,,,,,,,,
2023/12/12 17:37,"hotdog, hot dog, red hot",French loaf,0.701610863,0.373090863,660.4919424,-0.589199127,402.154101,13.97258685,0.582939497,60,,
,,,,,,,,,,,,
2023/12/12 17:38,"ant, emmet, pismire",rain barrel,0.993446052,0.218197793,496.695127,-0.820144913,445.9647645,17.03887005,0.675455696,60,,平均 63.68
2023-12-12 17:43:55,goose,European gallinule,0.5901163816452026,0.1673807054758072,472.6832093747057,0.4094882621350606,81.28687505972088,12.172990303520109,0.5127502895513831,30
2023-12-12 17:54:50,trifle,Petri dish,0.9993517994880676,0.1728939265012741,449.51086123941957,-0.15939,112.02858995558236,17.162463856347195,0.7,7
2023-12-12 18:00:23,"garbage truck, dustcart","trailer truck, tractor trailer, trucking rig, rig, articulated lorry, semi",0.6649030447006226,0.18089322745800018,574.8265087233215,0.11742122996478477,43.976000518227444,16.480421519702126,0.6404628568629612,30
2023-12-12 18:00:59,Tibetan mastiff,Brabancon griffon,0.6196274161338806,0.6592878699302673,613.6248580584648,0.06594210890797525,278.5032162600478,11.302733981068902,0.7220711197592525,30
2023-12-12 18:01:54,thimble,reel,0.06914836913347244,0.7124447226524353,541.5095575590595,0.3646812795075578,184.20708200567975,13.624527142310427,0.6075818720220547,30
2023-12-12 18:02:54,"Arctic fox, white fox, Alopex lagopus","bannister, banister, balustrade, balusters, handrail",0.989525318145752,0.16135433316230774,604.6010586941837,-0.017751332119280983,171.50085714362177,18.110119948535186,0.7,60
2023-12-12 18:15:59,goose,European gallinule,0.5901163816452026,0.1673807054758072,472.6832093747057,0.4094882621350606,81.28687505972088,12.172990303520109,0.5127502895513831,30
2023-12-12 18:37:41,basenji,Ibizan hound,0.07189934886991978,0.06781742349267006,535.1442027024926,-1.54838,220.97340294293468,14.15,0.6068597799041153,1
2023-12-12 18:42:27,basenji,Ibizan hound,0.07189934886991978,0.06781742349267006,535.1442027024926,-1.54838,220.97340294293468,14.15,0.6068597799041153,1
2023-12-12 18:44:46,basenji,Ibizan hound,0.07189934886991978,0.06781742349267006,535.1442027024926,-1.54838,220.97340294293468,14.15,0.6068597799041153,1
2023-12-12 18:46:20,basenji,Ibizan hound,0.07189934886991978,0.06781742349267006,535.1442027024926,-1.54838,220.97340294293468,14.15,0.6068597799041153,1
2023-12-12 18:50:48,reel,swab,0.37056462466716766,0.32551051676273346,580.811244493826,0.36677,115.88906723696454,10,0.7,399
2023-12-12 18:50:49,picket fence,picket fence,0.07490436919033527,0.07490436919033527,673.6040983869957,0.62919,321.8542370874811,19.812414374339536,0.6952861728772906,1
2023-12-12 18:56:32,trailer truck,trailer truck,0.2645041421055794,0.14019742608070374,542.853732679238,0.82338,97.50648632555749,13.15,0.47128005530317757,615
2023-12-12 18:56:33,screw,dumbbell,0.018084586248733103,0.0154282619478181,738.5102859568403,0.17832,49.07434742877824,11.5,0.7,1
2023-12-12 19:00:06,basenji,Ibizan hound,0.07189934886991978,0.06781742349267006,535.1442027024926,-1.54838,220.97340294293468,14.15,0.6068597799041153,1
2023-12-12 19:03:41,wool,spindle,0.448690690100193,0.043902948731556535,562.0636112546152,-0.78004,370.57834272374765,10,0.7,304
2023-12-12 19:11:44,"garbage truck, dustcart","trailer truck, tractor trailer, trucking rig, rig, articulated lorry, semi",0.6649030447006226,0.18089322745800018,574.8265087233215,0.11742122996478477,43.976000518227444,16.480421519702126,0.6404628568629612,30
2023-12-12 19:12:19,Tibetan mastiff,Brabancon griffon,0.6196274161338806,0.6592878699302673,613.6248580584648,0.06594210890797525,278.5032162600478,11.302733981068902,0.7220711197592525,30
2023-12-12 19:13:14,thimble,reel,0.06914836913347244,0.7124447226524353,541.5095575590595,0.3646812795075578,184.20708200567975,13.624527142310427,0.6075818720220547,30
2023-12-12 19:14:13,"Arctic fox, white fox, Alopex lagopus","bannister, banister, balustrade, balusters, handrail",0.989525318145752,0.16135433316230774,604.6010586941837,-0.017751332119280983,171.50085714362177,18.110119948535186,0.7,60
2023-12-12 19:15:10,"garbage truck, dustcart","trailer truck, tractor trailer, trucking rig, rig, articulated lorry, semi",0.6649030447006226,0.18089322745800018,574.8265087233215,0.11742122996478477,43.976000518227444,16.480421519702126,0.6404628568629612,30
2023-12-12 19:16:39,"spider web, spider's web",paper towel,0.9640867114067078,0.3403818905353546,405.16639962255687,0.40395979046896824,111.28224633740581,13.179646158968465,0.6289636107932353,30
2023-12-12 19:16:41,"spider web, spider's web",paper towel,0.9640867114067078,0.3403818905353546,405.16639962255687,0.40395979046896824,111.28224633740581,13.179646158968465,0.6289636107932353,30
2023-12-12 19:16:44,"spider web, spider's web",paper towel,0.9640867114067078,0.3403818905353546,405.16639962255687,0.40395979046896824,111.28224633740581,13.179646158968465,0.6289636107932353,30
2023-12-12 19:16:46,"spider web, spider's web",paper towel,0.9640867114067078,0.3403818905353546,405.16639962255687,0.40395979046896824,111.28224633740581,13.179646158968465,0.6289636107932353,30
2023-12-12 19:16:48,"spider web, spider's web",paper towel,0.9640867114067078,0.3403818905353546,405.16639962255687,0.40395979046896824,111.28224633740581,13.179646158968465,0.6289636107932353,30
2023-12-12 19:16:50,"spider web, spider's web",paper towel,0.9640867114067078,0.3403818905353546,405.16639962255687,0.40395979046896824,111.28224633740581,13.179646158968465,0.6289636107932353,30
2023-12-12 19:16:53,"spider web, spider's web",paper towel,0.9640867114067078,0.3403818905353546,405.16639962255687,0.40395979046896824,111.28224633740581,13.179646158968465,0.6289636107932353,30
2023-12-12 19:16:55,"spider web, spider's web",paper towel,0.9640867114067078,0.3403818905353546,405.16639962255687,0.40395979046896824,111.28224633740581,13.179646158968465,0.6289636107932353,30
2023-12-12 19:16:57,"spider web, spider's web",paper towel,0.9640867114067078,0.3403818905353546,405.16639962255687,0.40395979046896824,111.28224633740581,13.179646158968465,0.6289636107932353,30
2023-12-12 19:19:46,"lipstick, lip rouge",scabbard,0.9261853694915771,0.05359719693660736,522.1104603861174,0.11979386153306115,67.58477581065448,17.13271647459009,0.5628000779164939,30
2023-12-12 19:22:58,"bookshop, bookstore, bookstall","tobacco shop, tobacconist shop, tobacconist",0.98921799659729,0.28345027565956116,717.8599995799655,0.30948026609545354,110.10372631348582,14.274071634317822,0.7,60
2023-12-12 19:23:02,"picket fence, paling","worm fence, snake fence, snake-rail fence, Virginia fence",0.7609196305274963,0.48373475670814514,631.2490617478152,-0.6900552495175805,539.5925755447529,10.540898724333058,0.5219343270695004,30
2023-12-12 19:23:05,Tibetan mastiff,"wild boar, boar, Sus scrofa",0.795923113822937,0.641408383846283,643.5339121544462,-0.57595453861271,378.55739663628236,17.758675042687543,0.663272442207779,30
2023-12-12 19:23:15,English foxhound,"Walker hound, Walker foxhound",0.5231082439422607,0.27659887075424194,402.664148714352,-0.9982037961327574,1030.2347086782586,11.789945777871582,0.6231259475364592,30
2023-12-12 19:23:30,"parallel bars, bars","horizontal bar, high bar",0.9188013672828674,0.6219772696495056,626.5984016808703,0.2555484963551664,492.05751675228817,12.193217308759808,0.5598352042621582,30
2023-12-12 19:23:32,"ant, emmet, pismire","lacewing, lacewing fly",0.7270606160163879,0.12257655709981918,507.3722619901054,0.5407572233556572,67.69060495827972,18.840934103334035,0.5863439781832236,30
2023-12-12 19:24:44,tile roof,"spotlight, spot",0.9988229870796204,0.3949955105781555,525.7800676392243,0.19444919913100395,46.722062056833025,13.730917063143263,0.6894182440598553,120
2023-12-12 19:26:11,"house finch, linnet, Carpodacus mexicanus","brambling, Fringilla montifringilla",0.9053760766983032,0.46639057993888855,450.15732781084915,0.6394359131395245,0,12.78792528227821,0.6037645547608618,90
2023-12-12 19:26:48,"white wolf, Arctic wolf, Canis lupus tundrarum","Arctic fox, white fox, Alopex lagopus",0.9910596013069153,0.5866538286209106,732.2896143216688,-0.5575097536259188,375,11.482263356316087,0.7,90
2023-12-12 19:28:48,school bus,"snowplow, snowplough",0.7957437634468079,0.4144883453845978,398.00186224273153,0.8466760275999134,93.37273623505209,13.25555152138017,0.5757294360703197,30
2023-12-12 19:29:00,"dalmatian, coach dog, carriage dog","bannister, banister, balustrade, balusters, handrail",0.9981184005737305,0.17998187243938446,538.8057606721453,0.29970120446034837,79.98592644095035,15.479146478900832,0.6051999918285361,210
2023-12-12 19:29:02,goose,"spotlight, spot",0.9913980960845947,0.12217101454734802,508.6251209235212,-0.7290089557443694,226.5418185039834,16.757782386299056,0.7037909765115147,30
2023-12-12 19:29:05,"ant, emmet, pismire",acorn,0.9433415532112122,0.07262588292360306,688.7630766498652,0.5238587459192043,290.9687145223563,16.959281685288225,0.7634618368995063,30
2023-12-12 19:29:29,mixing bowl,cup,0.9798542857170105,0.4394218623638153,475.9107571777187,-0.39054076038422797,200.85652929511818,16.146330424614582,0.7,390
2023-12-12 19:31:02,"revolver, six-gun, six-shooter",holster,0.7045614123344421,0.5166385173797607,445.92775340544745,-0.9615556803927542,188.5917591835108,14.579231300408713,0.5144493559835399,30
2023-12-12 19:31:04,trifle,"chocolate sauce, chocolate syrup",0.8774886131286621,0.3998728096485138,545.5684784199236,1.4063285898560403,11.639569588289477,18.614000125137775,0.5800709367700774,30
2023-12-12 19:31:37,"spiny lobster, langouste, rock lobster, crawfish, crayfish, sea crawfish","rock crab, Cancer irroratus",0.4177211821079254,0.3073626160621643,622.4444008159419,-1.3598079767115354,27.277978053487526,17.610392188684596,0.7079789514859887,30
2023-12-12 19:32:02,"sax, saxophone",trombone,0.3130750358104706,0.4009270668029785,597.352612389424,-0.34661564500913356,27.750032726494727,15.064671244791654,0.57947834582129,30
2023-12-12 19:33:49,"malamute, malemute, Alaskan malamute",Siberian husky,0.4463070034980774,0.5336208343505859,438.7948575440203,0.07036188250241811,352.5113675108846,14.706516503473573,0.7,60
2023-12-12 19:34:18,missile,"projectile, missile",0.5334587097167969,0.542138934135437,530.2033120010474,1.0593201814636237,3198.1519965060365,17.477658394782217,0.6760275168532066,30
2023-12-12 19:34:45,"clog, geta, patten, sabot",Loafer,0.6473331451416016,0.8057066202163696,415.74339976145797,-0.902598513771984,33.867051026461034,17.133244625907814,0.529850855557477,30
2023-12-12 19:35:19,"Newfoundland, Newfoundland dog",flat-coated retriever,0.9904402494430542,0.4032127857208252,682.7440837473596,0.9961546199794091,28.69177765410977,16.27578145151298,0.7,60
2023-12-12 19:37:57,"hand-held computer, hand-held microcomputer","screen, CRT screen",0.6506701111793518,0.3891299366950989,647.9061707372284,-0.3367009129869402,211.1302303164378,16.900420409888174,0.7,330
2023-12-12 19:38:29,apron,bulletproof vest,0.7777495980262756,0.5911663770675659,390.79827874933153,0.5553167065604026,158.13593213839977,15.238641550238604,0.7105531917719667,30
2023-12-12 19:39:25,tile roof,"solar dish, solar collector, solar furnace",0.8989014029502869,0.2490241676568985,527.7636099784056,-0.4019090712673459,244.46975473100932,18.034027433835305,0.7892814401967206,30
2023-12-12 19:41:02,dome,"spotlight, spot",0.9292665123939514,0.1277768313884735,492.21059926526226,-0.39295793785962774,201.91178164895723,18.544861695657257,0.7,60
2023-12-12 19:41:36,orange,banana,0.670872688293457,0.4530147314071655,431.9550186406785,0.006446477343766882,158.85790814491247,15.045777002818841,0.6497685143845162,60
2023-12-12 19:41:40,"bookshop, bookstore, bookstall","tobacco shop, tobacconist shop, tobacconist",0.9900445938110352,0.7187992334365845,585.8619637284878,-0.06545544242847023,273.56697360416285,16.030735557559666,0.7,60
2023-12-12 19:44:19,"Ibizan hound, Ibizan Podenco","Scottish deerhound, deerhound",0.37786057591438293,0.3627043068408966,430.89480975673854,-0.3190134288468405,295.41000125946687,16.753604468823706,0.6050490218521127,30
2023-12-12 19:45:58,"aircraft carrier, carrier, flattop, attack aircraft carrier",missile,0.9623069763183594,0.5816042423248291,610.5225270622061,-1.0621498114791152,110.15250248165164,12.49451163189837,0.7413487080240223,30
2023-12-12 19:47:03,stage,electric guitar,0.7444990873336792,0.4518575966358185,685.0025243886487,1.1021878939631744,146.7343123905742,14.652370166344841,0.5206495818763763,30
2023-12-12 19:47:17,"miniskirt, mini",sandal,0.5772306323051453,0.32104063034057617,553.8019257394034,-0.025422013688131795,86.5692865993606,13.547294002743204,0.7,210
2023-12-12 19:47:51,catamaran,trimaran,0.7071436643600464,0.4487683176994324,553.861948140913,-0.4028738151995308,286.17693183190045,13.11768525245257,0.6834886837122541,30
2023-12-12 19:49:31,golden retriever,Labrador retriever,0.9262595772743225,0.3516063094139099,736.7393843820416,-1.1436924763947642,365.146555016929,16.959112371706162,0.7640670537358523,30
2023-12-12 19:50:00,"frying pan, frypan, skillet","caldron, cauldron",0.995745837688446,0.5975012183189392,717.0525240857475,0.3621881510165774,126.1579395025028,11.574756750150623,0.548867308366439,30
2023-12-12 19:50:04,"dishrag, dishcloth","wool, woolen, woollen",0.9593763947486877,0.37380850315093994,551.088164108284,-0.06379224237882758,211.52055301942286,12.440320930910735,0.5661245570439504,60
2023-12-12 19:50:06,"African hunting dog, hyena dog, Cape hunting dog, Lycaon pictus","diamondback, diamondback rattlesnake, Crotalus adamanteus",0.9871571660041809,0.47993406653404236,571.4554011494888,-0.2635868515983728,164.34400156968766,19.432805900523736,0.6360390474362568,30
2023-12-12 19:50:08,"aircraft carrier, carrier, flattop, attack aircraft carrier",fireboat,0.9983898401260376,0.26243487000465393,593.331199056896,-0.23475844667389456,261.75386798467804,18.341372640155434,0.5670551768501685,30
2023-12-12 19:51:37,"solar dish, solar collector, solar furnace",window screen,0.9898632764816284,0.49395856261253357,434.0078654528214,0.14153187748744558,395.8664856041951,10,0.7,270
2023-12-12 19:52:42,"frying pan, frypan, skillet",Dutch oven,0.9112116694450378,0.482104629278183,410.3045603000571,0.44192329111224415,243.577945512377,10.260932071812555,0.6698215636541593,30
2023-12-12 19:52:45,cuirass,"breastplate, aegis, egis",0.7568914294242859,0.5076389908790588,553.9274427506755,0.8532991916304798,196.78540197126853,12.325351285926883,0.7,60
2023-12-12 19:53:14,"garbage truck, dustcart","snowplow, snowplough",0.9014471173286438,0.5336270332336426,641.2097076669406,0.021843114840813804,149.09349511977308,15.691001666633603,0.5328984064718153,30
2023-12-12 19:53:17,"oboe, hautboy, hautbois","flute, transverse flute",0.9863922595977783,0.9726237058639526,467.4712831154106,0.4111289652782336,126.4629021600127,14.545353890913562,0.6000388262004892,60
2023-12-12 19:53:19,orange,lemon,0.8150193691253662,0.47775566577911377,744.5589959830904,0.04890707247024095,264.1932130818987,12.036116400042518,0.7575167094039338,30
2023-12-12 19:53:53,"solar dish, solar collector, solar furnace","spotlight, spot",0.8789178133010864,0.4911096692085266,409.08864467986325,0.45449747363445603,12.12665515352005,10.978206000876852,0.5226766392237889,30
2023-12-12 19:53:55,tile roof,"spotlight, spot",0.9536948204040527,0.4978274703025818,644.4121451725177,0.4588099558802443,49.60031801354968,19.57536085392192,0.7157666829930055,30
2023-12-12 19:53:59,"bookshop, bookstore, bookstall","spotlight, spot",0.9984084963798523,0.453173965215683,536.2844327742225,-0.43143180887343446,128.44120392886958,11.94568494096808,0.7,60
2023-12-12 19:54:32,"bookshop, bookstore, bookstall",comic book,0.5632529258728027,0.45874282717704773,708.4055353230311,0.6872744559076116,491.566020481235,17.56685017633899,0.6566270672044612,30
2023-12-12 19:54:35,cuirass,"breastplate, aegis, egis",0.6603810787200928,0.44808053970336914,583.9673124738717,-0.13025628026065134,194.82124245006688,12.781659755145498,0.616078516141866,60
2023-12-12 19:54:37,"unicycle, monocycle",stretcher,0.9638317227363586,0.1906290054321289,630.4685806379039,-0.5583880925051199,397.6659594950028,16.913995736342784,0.5460239764723755,30
2023-12-12 19:54:43,"solar dish, solar collector, solar furnace","projectile, missile",0.9986212253570557,0.4837927222251892,614.8903420838442,0.4920163240461426,0,17.25,0.7,90
2023-12-12 19:55:12,"parallel bars, bars","horizontal bar, high bar",0.709134042263031,0.5226582288742065,712.6773744939061,-1.348233342445642,104.91677147391225,18.580337716922905,0.7829131009509784,30
2023-12-12 19:55:16,cocktail shaker,milk can,0.9995335340499878,0.5362616777420044,621.2709557178532,-0.6181860679283042,385.3714871327696,13.752550208768064,0.6947299511408177,60
2023-12-12 19:57:31,"file, file cabinet, filing cabinet",desk,0.3440203070640564,0.4489097595214844,719.392438289599,0.8740513544972761,31.529831505178905,16.99483362665509,0.729632101738569,30
2023-12-12 19:58:09,"Newfoundland, Newfoundland dog",Leonberg,0.9743919968605042,0.6054328680038452,476.0631306595238,-0.046454725693882676,267.1218891600462,16.063291061974322,0.4891784029664795,90
2023-12-12 19:58:11,rhinoceros beetle,"chain saw, chainsaw",0.9993032217025757,0.0826210081577301,705.2566861764801,-0.45751474188803587,324.28286453217754,16.795285193355518,0.6414328103789995,30
2023-12-12 19:58:45,"book jacket, dust cover, dust jacket, dust wrapper","fire screen, fireguard",0.2546524107456207,0.1591891348361969,509.9144618075337,0.060296726406812384,51.599661097184935,17.206565264723466,0.7651800019822399,30
2023-12-12 19:58:51,"cliff, drop, drop-off","coil, spiral, volute, whorl, helix",0.7115551829338074,0.2939223349094391,608.4111257868233,-0.5414435700936739,367.3063139697502,11.016085338735095,0.6737891319498194,90
2023-12-12 19:59:31,"ant, emmet, pismire","long-horned beetle, longicorn, longicorn beetle",0.9939472675323486,0.48394903540611267,747.5726709324982,-0.8281484699795754,337.7022810176067,12.776115283098555,0.6424426705288407,120
2023-12-12 20:00:41,"lighter, light, igniter, ignitor","rule, ruler",0.3829776346683502,0.19808152318000793,523.3139849800202,-0.32034381034346193,225.02801297856772,12.283648773263714,0.7012654646095611,30
2023-12-12 20:00:43,orange,lemon,0.928734302520752,0.5141893029212952,600.1784937576359,-1.2417674320860357,224.37687737794565,17.44087156364374,0.5009475659113326,30
2023-12-12 20:02:13,abaya,"bannister, banister, balustrade, balusters, handrail",0.08986099064350128,0.09243405610322952,449.7399492022786,-0.5331463849225084,65.42897332365676,15.945291888567201,0.5093061258969872,30
2023-12-12 20:02:15,"valley, vale","cliff, drop, drop-off",0.6858208179473877,0.18799158930778503,612.044905512914,0.9108044353692959,78.55926607028574,14.98760609482752,0.7783746504288016,30
2023-12-12 20:02:31,yawl,fireboat,0.8110621571540833,0.49357691407203674,480.37910336108195,-0.4633418750305853,436.57377454959914,14.048843480223622,0.5734299209245663,150
2023-12-12 20:03:06,face powder,buckle,0.7229527235031128,0.17902721464633942,521.0152028749942,-0.8955246917291003,237.1236601343941,18.1460332272879,0.7675317178706198,30
2023-12-12 20:03:13,"timber wolf, grey wolf, gray wolf, Canis lupus","white wolf, Arctic wolf, Canis lupus tundrarum",0.6204892992973328,0.5397769808769226,496.3590939489369,-0.6294218480613574,500.990417309285,13.184108479769588,0.7,60
2023-12-12 20:03:37,mushroom,magnetic compass,0.6103155016899109,0.34937137365341187,734.3705802697525,-1.1265124030666047,167.7707616259586,14.123611553763029,0.7,360
2023-12-12 20:03:39,carton,hamper,0.4918343722820282,0.26590603590011597,492.73275944828606,-1.0381782620209203,118.77354270212085,18.530534615020102,0.6331500900586196,30
2023-12-12 20:04:52,"carousel, carrousel, merry-go-round, roundabout, whirligig",vestment,0.9942254424095154,0.13813407719135284,657.9456116469185,0.3567073309777615,280.6843253401081,15.617221597245658,0.6862593994810684,60
2023-12-12 20:05:07,"dishrag, dishcloth","wallet, billfold, notecase, pocketbook",0.9986990690231323,0.49403002858161926,687.0656507466659,0.01903611033503594,245.38208964982118,14.160806989457999,0.7,240
2023-12-12 20:06:50,scoreboard,"racket, racquet",0.9951000809669495,0.6043252348899841,529.1848620548742,0.45936295499905916,730.913048861776,13.35223123532258,0.7,210
2023-12-12 20:10:09,"cliff, drop, drop-off","seashore, coast, seacoast, sea-coast",0.508826732635498,0.36601364612579346,609.2756277477988,-0.5861462217177251,293.8821122109922,19.462665146232915,0.5524925269792121,30
2023-12-12 20:11:04,yawl,"beacon, lighthouse, beacon light, pharos",0.925307035446167,0.2697797119617462,403.03241944742916,-0.6690074081223186,230.38706242488027,18.411056532548123,0.5819969414289325,30
2023-12-12 20:11:07,dome,"radio telescope, radio reflector",0.3965785801410675,0.2945111095905304,727.6315769239491,-1.0361786915100077,92.62817231256355,15.733483425651379,0.6707575979567189,30
2023-12-12 20:11:09,hourglass,entertainment center,0.9838988184928894,0.4586387872695923,558.0902218920812,-0.828205211327743,66.82413114016417,14.935871135764039,0.518129849220211,30
2023-12-12 20:11:13,jellyfish,"nematode, nematode worm, roundworm",0.9908125996589661,0.2632928192615509,565.4344793887776,-0.5974195933736597,337.2239171157954,18.749838076977056,0.6790393422064566,60
2023-12-12 20:12:18,"coyote, prairie wolf, brush wolf, Canis latrans","worm fence, snake fence, snake-rail fence, Virginia fence",0.6158480644226074,0.10717694461345673,665.1261502320921,0.1934615106794364,189.16811011423505,19.509998750934194,0.6812544489861894,30
2023-12-12 20:12:20,cocktail shaker,milk can,0.9956420660018921,0.8128968477249146,393.6442400555716,1.1420651040589211,10.758231897096858,11.309130793642353,0.6885010856690892,30
2023-12-12 20:12:28,"harvestman, daddy longlegs, Phalangium opilio","walking stick, walkingstick, stick insect",0.9987366795539856,0.6798829436302185,547.8931051598796,0.5316247993072948,170.61499520146572,13.696492062476649,0.4716795657535357,120
2023-12-12 20:12:36,"spider web, spider's web","oscilloscope, scope, cathode-ray oscilloscope, CRO",0.9846737384796143,0.43807515501976013,531.7928887702424,-0.054452273341240254,357.8132959239969,20,0.6377045794842247,60
2023-12-12 20:13:04,"frying pan, frypan, skillet","spotlight, spot",0.9742525815963745,0.22588466107845306,547.6324179544666,-0.796387814569109,354,18.226673268265365,0.6168069656960925,60
2023-12-12 20:13:06,"organ, pipe organ","spotlight, spot",0.551703929901123,0.6681240797042847,606.1989477377305,-0.5351548130860875,226.45969566668575,19.9899103680717,0.6186054122721885,30
2023-12-12 20:13:35,school bus,"passenger car, coach, carriage",0.9931272268295288,0.14196477830410004,663.3957745225329,0.16969395150407335,108.36105450913234,17.848702131572885,0.7,450
2023-12-12 20:13:37,"bookshop, bookstore, bookstall",bookcase,0.9157335162162781,0.40437066555023193,541.2649886229574,0.04774658063518311,347.61606248378,11.729002981431035,0.6521490064102881,30
2023-12-12 20:14:18,"dalmatian, coach dog, carriage dog",Great Dane,0.9959084987640381,0.4178890883922577,651.838952838743,0.11744091786747293,200.85424715162014,17.914209704787652,0.5775084563269959,60
2023-12-12 20:14:20,"parallel bars, bars","balance beam, beam",0.8830634951591492,0.503409743309021,419.48370202563217,0.9533894752441419,3.7783217978225574,15.377843280770403,0.6511439100463919,30
2023-12-12 20:14:57,"theater curtain, theatre curtain","spotlight, spot",0.9329271912574768,0.41119813919067383,549.5249447860845,-0.23989403433015322,159.28110668318521,15.0,0.6491005709251908,90
2023-12-12 20:14:59,stole,"microwave, microwave oven",0.35716983675956726,0.2854769229888916,391.0927735001449,0.08005501442447471,393.91455698216686,10.64751802261264,0.627822662734935,30
2023-12-12 20:15:27,"worm fence, snake fence, snake-rail fence, Virginia fence",pole,0.9377927780151367,0.5035361647605896,606.8330680745632,-0.9916024667045586,262.7460603802505,14.211197652566408,0.41608820730335594,450
2023-12-12 20:15:36,triceratops,comic book,0.996698796749115,0.08359678089618683,643.0889246418689,-0.34866689572609694,289.77325020259053,15.812185184451499,0.7,150
2023-12-12 20:16:17,"solar dish, solar collector, solar furnace","radio telescope, radio reflector",0.9989645481109619,0.7621138095855713,436.63252778620796,-0.10864950310778632,177.47481902163008,15.391866523882499,0.6947910806020536,120
2023-12-12 20:16:19,"ashcan, trash can, garbage can, wastebin, ash bin, ash-bin, ashbin, dustbin, trash barrel, trash bin","bucket, pail",0.4370489716529846,0.2329988181591034,678.2322511907896,0.668631320827608,103.35888631640672,10.97450884691081,0.6075258299593622,30
2023-12-12 20:16:21,"remote control, remote","slot, one-armed bandit",0.23126870393753052,0.2421359121799469,436.6805462989822,1.2694752316550888,47.99475609735618,15.767436060062945,0.7258898136084063,30
2023-12-12 20:17:00,"harvestman, daddy longlegs, Phalangium opilio","ant, emmet, pismire",0.9975825548171997,0.33694374561309814,603.0072648932842,-0.27733431990388824,237.9546407598664,16.73191415710737,0.6447357516209783,60
2023-12-12 20:17:05,reel,"spotlight, spot",0.9904019236564636,0.4461625814437866,457.8818978842341,0.617308596234408,16.629569150855218,12.59977175251345,0.5922982445498368,60
2023-12-12 20:17:22,yawl,trimaran,0.998238205909729,0.5117765069007874,547.8062798058126,-0.11441868477032069,222.81280575421408,13.65,0.7,300
2023-12-12 20:17:57,"white wolf, Arctic wolf, Canis lupus tundrarum","Arctic fox, white fox, Alopex lagopus",0.9042043089866638,0.4909086525440216,496.06362425335,-0.661179490273388,279.78204442144374,14.19984437185433,0.7115416135725043,30
2023-12-12 20:18:32,orange,lemon,0.5024030804634094,0.7056589126586914,565.3614731614653,1.233717231823602,173.19936250243848,15.66453066908659,0.7709629789849237,30
2023-12-12 20:18:34,coral reef,brain coral,0.8045135140419006,0.5364930033683777,438.3822775890653,-0.6375457509980985,268.80498740479425,12.270326417470185,0.5231049174510187,30
2023-12-12 20:19:14,hourglass,guillotine,0.9951501488685608,0.5395675897598267,553.162244197855,0.4514939815932058,152.8420545701964,14.002453449308538,0.5291880794187876,60
2023-12-12 20:19:23,"Arctic fox, white fox, Alopex lagopus","white wolf, Arctic wolf, Canis lupus tundrarum",0.9984740614891052,0.790562093257904,566.2622307722409,-0.05248915124963402,170.36802759245745,15.029229228747297,0.5423850576765104,120
2023-12-12 20:19:25,"white wolf, Arctic wolf, Canis lupus tundrarum","Arctic fox, white fox, Alopex lagopus",0.495678186416626,0.6073055863380432,726.1879898413329,-1.2768399336967815,98.68657062728467,19.83632242679282,0.6371608238132088,30
2023-12-12 20:19:29,cannon,palace,0.9885913729667664,0.11729888617992401,647.8131925634123,-0.49594335986983773,290.07638821420545,13.513388029862654,0.5782600747369928,60
2023-12-12 20:19:31,"bookshop, bookstore, bookstall",library,0.844850480556488,0.7452113628387451,512.8098979461498,0.28923286578087004,345.2150910127274,15.978433039393336,0.703231664167026,30
2023-12-12 20:19:33,"picket fence, paling","spotlight, spot",0.6088674664497375,0.18881548941135406,450.53615488138456,-0.40283267823468494,391.2595059754717,14.536184539328218,0.6664043489041367,30
2023-12-12 20:20:09,"parachute, chute","solar dish, solar collector, solar furnace",0.19432494044303894,0.21118415892124176,566.6731691111595,0.07054725766467618,160.19632734228276,15.467188674042555,0.5143978360601259,30
2023-12-12 20:20:30,"three-toed sloth, ai, Bradypus tridactylus","koala, koala bear, kangaroo bear, native bear, Phascolarctos cinereus",0.9971433281898499,0.4039008319377899,589.0949044241273,0.31023063482236957,65.10425354472613,14.45434515375414,0.6836358790325148,330
2023-12-12 20:20:32,forklift,"projectile, missile",0.1932365447282791,0.07391440868377686,603.1647771072834,0.31025120183551125,22.22527261025296,15.3498609226113,0.7055295392614829,30
2023-12-12 20:20:38,"theater curtain, theatre curtain",cuirass,0.987220823764801,0.16731280088424683,595.4409982786397,0.12491521353858825,86.17466380812408,14.260468291387507,0.6589392839586212,90
2023-12-12 20:20:40,"theater curtain, theatre curtain","spotlight, spot",0.21925243735313416,0.38331785798072815,717.1443693009302,-0.7474410041621521,304.97016161628835,15.064872314087701,0.7330420473340006,30
2023-12-12 20:21:41,"rock beauty, Holocanthus tricolor","projectile, missile",0.9996665716171265,0.3211735785007477,491.6294389057685,0.25263108568348597,30.830469484086084,4.0,0.6769121620081693,60
2023-12-12 20:23:16,tray,"candle, taper, wax light",0.5933919548988342,0.6235678195953369,691.7858882226916,-1.4506970487351853,97.30847058694226,11.492072857437197,0.7039551446503094,30
2023-12-12 20:23:51,toy poodle,miniature poodle,0.5234213471412659,0.6842149496078491,554.4603115623311,-0.06653084448905022,227.26453474737846,14.125268742251674,0.6625674962450356,30
2023-12-12 20:24:57,"Arctic fox, white fox, Alopex lagopus","Samoyed, Samoyede",0.9764636754989624,0.5368121862411499,607.4703865611964,-0.06601410362690699,234.0644442353875,15.649230650652711,0.6340158124483294,90
2023-12-12 20:25:35,holster,"hand-held computer, hand-held microcomputer",0.9794329404830933,0.155237078666687,492.5543811567833,0.5903334409334358,103.80183131826516,16.55878111836841,0.534888484188378,30
2023-12-12 20:26:44,palace,"traffic light, traffic signal, stoplight",0.697664737701416,0.36832553148269653,700.2120224553391,-0.8865095140931305,245.49164631180594,16.566094436727035,0.534809066907777,30
2023-12-12 20:27:12,bookcase,projector,0.7896519899368286,0.2556101977825165,741.9946386598832,0.885250502167847,28.006037677230324,18.836642099151163,0.731537473565928,30
2023-12-12 20:27:14,"nematode, nematode worm, roundworm","rule, ruler",0.9992257356643677,0.7765752077102661,633.0492904711483,-1.0154552633471872,266.9223424643611,14.839054038597425,0.7277853106410141,30
2023-12-12 20:27:16,"gasmask, respirator, gas helmet",neck brace,0.12370914220809937,0.2488367110490799,731.6617023465507,-1.4841252042036646,413.670268283388,17.96504333252132,0.6778129021566957,30
2023-12-12 20:27:51,"ashcan, trash can, garbage can, wastebin, ash bin, ash-bin, ashbin, dustbin, trash barrel, trash bin","traffic light, traffic signal, stoplight",0.7113805413246155,0.13567185401916504,500.67317563779505,-0.3126005514643273,125.3049802555,16.18989118590129,0.6959816443702413,30
2023-12-12 20:27:53,"ladybug, ladybeetle, lady beetle, ladybird, ladybird beetle","leaf beetle, chrysomelid",0.8380352258682251,0.7384958863258362,556.5878558893729,0.2306079537940211,78.18117503861355,19.191905793168658,0.7659561332131212,30
2023-12-12 20:28:27,wok,"frying pan, frypan, skillet",0.34593698382377625,0.288991779088974,392.4459834050039,1.2918796493689597,111.71960059774909,17.969339642781275,0.6893960918390625,30
2023-12-12 20:28:29,"worm fence, snake fence, snake-rail fence, Virginia fence",swing,0.9566092491149902,0.409245103597641,558.0816044555487,1.2404542024998113,10.695449480057164,16.172779954748147,0.6207780257753988,30
2023-12-12 20:28:35,"robin, American robin, Turdus migratorius",maypole,0.9886041879653931,0.8913126587867737,394.1341824696417,-0.784085157617629,281.4530925018501,11.947616422031322,0.6182470988238659,90
2023-12-12 20:28:36,"frying pan, frypan, skillet",measuring cup,0.8966067433357239,0.37064415216445923,578.7108429362261,1.385761446283213,11.352550439139184,19.770069269852627,0.6521622432281233,30
2023-12-12 20:28:43,"timber wolf, grey wolf, gray wolf, Canis lupus","Norwegian elkhound, elkhound",0.8092496395111084,0.44261348247528076,628.9859292287472,-0.20055751161373156,363.7067144170218,16.640624388900747,0.5426454371493273,60
2023-12-12 20:29:11,stove,wok,0.5802373290061951,0.456552654504776,572.5282157612479,-0.5846821931351397,177.68646603305163,16.505050075944162,0.6104144407552614,30
2023-12-12 20:29:13,packet,"book jacket, dust cover, dust jacket, dust wrapper",0.28641343116760254,0.17392349243164062,659.7000086938224,-0.07064909346053283,305.4588836936131,10.653503375251242,0.6539206554681021,30
2023-12-12 20:29:15,photocopier,"spotlight, spot",0.9970905780792236,0.43710198998451233,605.7689850663596,-0.4633493070063428,291.99800733990395,10.545525620841225,0.537180139501355,30
2023-12-12 20:29:18,vase,broom,0.9942295551300049,0.3978927433490753,496.1986902371095,0.9561353693743189,129.5758791748547,19.801193108489493,0.6500076253466391,30
2023-12-12 20:30:22,cuirass,"breastplate, aegis, egis",0.6653949618339539,0.5166939496994019,640.6925538754165,-0.4304271354167726,260.9970661709146,15.482437204282853,0.641036177417115,60
2023-12-12 20:30:44,"ear, spike, capitulum",corn,0.7896755337715149,0.5283242464065552,535.133431426144,0.502437968367333,92.06131471365704,13.65,0.7,420
2023-12-12 20:30:46,"spider web, spider's web","spotlight, spot",0.7094952464103699,0.4507497549057007,437.2184615068886,-0.36930474378744593,333.606329331978,18.050851715895007,0.7984613382757919,30
2023-12-14 09:26:44,bell cote,analog clock,0.5327578783035278,0.07375606149435043,521.2667912309597,0.6150100000000001,73.94939143042915,11.379767278985952,0.6004213846008309,369
2023-12-14 09:27:18,abaya,flute,0.8765063881874084,0.09725901484489441,638.8655341731244,0.30668,78.00674473558233,11.45,0.7,5
2023-12-14 09:38:02,prayer rug,doormat,0.2674194872379303,0.1625053733587265,535.1442027024926,-1.54838,132.14209495987492,10,0.6068597799041153,1
2023-12-14 09:42:31,"wallet, billfold, notecase, pocketbook","rule, ruler",0.5847901105880737,0.06957466155290604,472.6832093747057,0.4094882621350606,53.77162752844368,12.172990303520109,0.5127502895513831,30
2023-12-14 09:43:11,"loggerhead, loggerhead turtle, Caretta caretta",sea snake,0.8191189765930176,0.306405633687973,580.6671425690148,0.40174478445455947,55.98521535820576,11.856665657808104,0.7,240
2023-12-14 09:43:15,soccer ball,rugby ball,0.9786767959594727,0.13861562311649323,383.2132203980775,1.4712169345573314,165.5939736174944,14.692840863358386,0.7,90
2023-12-14 09:43:19,canoe,"paddle, boat paddle",0.8421278595924377,0.550685465335846,455.14055938169474,-0.6228733827530522,298.6961318504384,14.220035310575325,0.538066865296261,60
2023-12-14 09:43:51,airliner,"projectile, missile",0.9833492040634155,0.30447179079055786,617.9669678636644,0.2688320680740406,161.90894064076977,13.96837007818259,0.7,120
2023-12-14 09:43:53,palace,"spotlight, spot",0.972749650478363,0.5408070087432861,555.6569756839335,0.18960889995899288,121.85025491596352,13.682846245134616,0.7649684416980285,30
2023-12-14 09:43:57,"rock crab, Cancer irroratus",fiddler crab,0.9854180812835693,0.47912681102752686,555.6804265898522,-0.13797273480656652,170.35108821603873,14.95,0.6990680804925377,60
2023-12-14 09:44:46,prayer rug,doormat,0.2674194872379303,0.18556205928325653,719.5921992221042,1.4398889994719126,157.1464118824468,11.086121473355897,0.5261438005754806,30
2023-12-14 09:44:51,megalith,oscilloscope,0.33717072010040283,0.07659842073917389,505.68111656088854,0.8429447590691856,89.9139483180923,14.95,0.6767715824694144,240
2023-12-14 09:44:52,minivan,cab,0.1752292811870575,0.09121780842542648,620.1345272468131,0.033874444817487026,145.6619076163394,16.326101262438137,0.7569974019489312,30
2023-12-14 09:44:53,candle,syringe,0.824576199054718,0.05695442110300064,459.1837228335904,0.5178562863179392,157.48334006943207,13.573626896273378,0.6577174662609362,30
2023-12-14 09:45:04,maze,lakeside,0.5112811326980591,0.1994662880897522,623.1176696154005,0.14427318340232587,60.476338848259836,13.041215718224581,0.5398689740727203,30
2023-12-14 09:45:06,lionfish,sea slug,0.4392976462841034,0.22043217718601227,618.8292135600464,-0.21154169441651272,189.86423365982523,14.95,0.7,90
2023-12-14 09:45:17,switch,odometer,0.5452396869659424,0.3087295889854431,712.4298433603836,-0.48066729718224277,161.07946397468436,17.99687608768453,0.594243050773093,30
2023-12-14 09:45:19,rapeseed,nematode,0.30897054076194763,0.08642715960741043,511.6343688996567,-1.1683364535686114,235.9801714141326,13.46662561000755,0.6792960509852084,60
2023-12-14 09:45:19,window shade,window screen,0.4549764394760132,0.4907342791557312,711.249652443799,-0.990682451362391,134.87609964658625,17.047469920107073,0.5571436177241486,30
2023-12-14 09:45:30,electric locomotive,freight car,0.26096850633621216,0.23131583631038666,647.196643472608,-0.07296431323382002,226.9144518075422,10.4534003956671,0.7518336453331104,30
2023-12-14 09:45:31,spider web,oscilloscope,0.5355839133262634,0.1252439171075821,498.06436945957853,0.18047975208720946,131.96854974428126,15.938135997084364,0.5199841785601179,30
2023-12-14 09:45:33,dogsled,sleeping bag,0.7408132553100586,0.08001615107059479,515.6723968343958,-1.048465564713553,152.7532972649576,14.95,0.7,90
2023-12-14 09:45:37,greenhouse,damselfly,0.6302656531333923,0.07370005548000336,453.8486515937657,0.4755174379149728,137.9289813415965,12.761832725468116,0.7,180
2023-12-14 09:45:37,head cabbage,butcher shop,0.18368469178676605,0.11539661139249802,714.2443208636103,0.9227009276585663,146.3227487162793,12.930801715606739,0.5360728135046381,30
2023-12-14 09:45:49,volcano,pole,0.3896593451499939,0.1318429708480835,651.304883380351,0.9218658266007083,61.55954458450576,15.417083012940173,0.7775982147535038,30
2023-12-14 09:45:49,flagpole,pole,0.12834444642066956,0.2888379693031311,422.4104947587262,-0.5778384509882664,257.2823613925578,12.653151354710602,0.6554479759857006,30
2023-12-14 09:45:50,pot,beer glass,0.07058607041835785,0.14541694521903992,748.9465608006485,-0.7051091850403302,137.51352173469581,12.147365333965865,0.5707665594799692,30
2023-12-14 09:45:53,pier,fountain,0.3243902623653412,0.10743208974599838,419.13828296187455,-0.7376566416913402,223.01723190352484,14.438713751687564,0.7,150
2023-12-14 09:46:25,French loaf,honeycomb,0.24234017729759216,0.110976442694664,583.1985638372466,-0.7222162416790281,299,14.95,0.6869243070817515,90
2023-12-14 09:46:26,crane,traffic light,0.06448188424110413,0.09908893704414368,617.6621140876902,-0.5415906028065354,160.3735278724775,10.865659570835666,0.7159374594293126,30
2023-12-14 09:46:50,Indian elephant,stage,0.5000453591346741,0.048060473054647446,537.7250843853268,-0.4581028526888539,237.50919914022364,14.85148914687362,0.7,210
2023-12-14 09:46:51,seashore,cannon,0.3923356831073761,0.11864566057920456,641.6037379812715,0.430077119609253,120.18257739189599,19.863287606257817,0.7852338551239468,30
2023-12-14 09:46:52,ballplayer,whistle,0.6475014686584473,0.07654265314340591,510.03544157599333,-0.0869390781965812,117.84233987527877,14.95,0.5895805018822267,60
2023-12-14 09:46:54,jersey,snorkel,0.44048136472702026,0.17347051203250885,523.6999511167032,-0.7641854373441923,164.1489332102082,14.689600955269853,0.6019108967880336,60
2023-12-14 09:46:55,rugby ball,soccer ball,0.48830369114875793,0.23749302327632904,490.1810389377896,-0.7402350800109074,247.847893931247,11.332053399654667,0.7,60
2023-12-14 09:46:56,beer bottle,pop bottle,0.2073080837726593,0.14246703684329987,674.0617674447471,-0.35945254149242034,125.84200524262572,12.436435189707058,0.5072444438220528,30
2023-12-14 09:47:07,grille,freight car,0.270172119140625,0.09646440297365189,482.65610519112306,-0.6500424433783121,145.95454064556287,15.288378304457993,0.5249753801721382,30
2023-12-14 09:47:07,bow tie,flute,0.1719374805688858,0.07576631009578705,381.1099083120688,-0.47097152369410367,249.70541763845506,16.331829694098616,0.7654270706068749,30
2023-12-14 09:47:19,disk brake,reel,0.3562438488006592,0.07596258819103241,380,0.41081852927665574,176.2050166533851,13.962707041880606,0.6949365320355871,60
2023-12-14 09:47:22,American coot,snorkel,0.6590911746025085,0.13881942629814148,510.9199435567353,-0.07298970089700185,85.66882676813925,14.95,0.7,120
2023-12-14 09:47:22,beach wagon,ambulance,0.39744436740875244,0.10332828760147095,546.4418012706722,0.6172288728145268,106.98267717006556,18.37720234005617,0.7458090670769456,30
2023-12-14 09:47:29,trolleybus,streetcar,0.41590335965156555,0.21694369614124298,492.07168229990054,-0.20503412288013512,249.73441211381785,13.237741267885182,0.6422664771008333,300
2023-12-14 09:47:40,convertible,sports car,0.34795334935188293,0.1361725926399231,620.1779803739822,-0.07523986701916396,214.26291093262822,14.95,0.6586284189610863,60
2023-12-14 09:48:02,drilling platform,crane,0.5788390040397644,0.23515386879444122,684.4102147007161,0.9497958772702206,36.8974527728846,12.124847205449752,0.6169439053305112,60
2023-12-14 09:48:33,marmot,oscilloscope,0.3394959568977356,0.12595485150814056,469.70400593057906,1.1276378968921565,30.86016409551255,14.226733197091963,0.6131951246547643,30
2023-12-14 09:48:33,lens cap,reflex camera,0.3092299997806549,0.37781110405921936,561.3961819002866,-0.35164987193776454,162.5050063466456,19.00666373112745,0.5263924763001604,30
2023-12-14 09:48:34,megalith,oscilloscope,0.487132728099823,0.20064017176628113,480.3948673493435,-0.5862033247287203,178.82358193134831,18.9246130365346,0.7376283545003005,30
2023-12-14 09:48:38,drake,goldfinch,0.6603855490684509,0.30830565094947815,583.3774575573636,-0.32542700964618454,137.5435098113448,13.414373089410155,0.5999652002252893,210
2023-12-14 09:48:44,streetcar,minibus,0.30862826108932495,0.23151461780071259,604.4446104930608,-0.07980726519495662,106.69283459765136,14.95,0.46064453251604226,270
2023-12-14 09:48:45,valley,pole,0.5301752090454102,0.1340360939502716,593.3554245840346,-0.7975827942957687,298.5383073255963,17.123862028276292,0.6308974821946899,30
2023-12-14 09:48:46,hippopotamus,Mexican hairless,0.5565622448921204,0.0974065437912941,513.2238619040173,0.40232187073900283,87.29164993059413,19.266508045859737,0.5091132158463442,30
