时间,源标签,新标签,原置信,新置信,波长,入射角,截距,宽度,强度,搜索次数,模型
,,,,,,,,,,,
,,,,,,,,,,,
,,,,,,,,,,,
,,,,,,,,,,,
,,,,,,,,,,,
,,,,,,,,,,,
,,,,,,,,,,,
,,,,,,,,,,,
,,,,,,,,,,,
,,,,,,,,,,,
,,,,,,,,,,,
,,,,,,,,,,,
,,,,,,,,,,,
,,,,,,,,,,,
,,,,,,,,,,,
,,,,,,,,,,,
,,,,,,,,,,,
,,,,,,,,,,,
,,,,,,,,,,,
,,,,,,,,,,,
,,,,,,,,,,,
,,,,,,,,,,,
,,,,,,,,,,,
,,,,,,,,,,,
,,,,,,,,,,,
,,,,,,,,,,,
,,,,,,,,,,,
,,,,,,,,,,,
,,,,,,,,,,,
,,,,,,,,,,,
,,,,,,,,,,,
,,,,,,,,,,,
,,,,,,,,,,,
,,,,,,,,,,,
,,,,,,,,,,,
,,,,,,,,,,,
,,,,,,,,,,,
,,,,,,,,,,,
,,,,,,,,,,,
,,,,,,,,,,,
,,,,,,,,,,,
,,,,,,,,,,,
,,,,,,,,,,,
,,,,,,,,,,,
,,,,,,,,,,,
,,,,,,,,,,,
,,,,,,,,,,,
,,,,,,,,,,,
,,,,,,,,,,,
,,,,,,,,,,,
,,,,,,,,,,,
,,,,,,,,,,,
,,,,,,,,,,,
,,,,,,,,,,,
,,,,,,,,,,,
,,,,,,,,,,,
,,,,,,,,,,,
,,,,,,,,,,,
,,,,,,,,,,,
,,,,,,,,,,,
,,,,,,,,,,,
,,,,,,,,,,,
,,,,,,,,,,,
,,,,,,,,,,,
,,,,,,,,,,,
,,,,,,,,,,,
,,,,,,,,,,,
,,,,,,,,,,,
,,,,,,,,,,,
,,,,,,,,,,,
,,,,,,,,,,,
,,,,,,,,,,,
,,,,,,,,,,,
,,,,,,,,,,,
,,,,,,,,,,,
,,,,,,,,,,,
,,,,,,,,,,,
,,,,,,,,,,,
,,,,,,,,,,,
,,,,,,,,,,,
,,,,,,,,,,,
,,,,,,,,,,,
,,,,,,,,,,,
,,,,,,,,,,,
,,,,,,,,,,,
,,,,,,,,,,,
,,,,,,,,,,,
,,,,,,,,,,,
,,,,,,,,,,,
,,,,,,,,,,,
,,,,,,,,,,,
,,,,,,,,,,,
,,,,,,,,,,,
,,,,,,,,,,,
,,,,,,,,,,,
,,,,,,,,,,,
,,,,,,,,,,,
,,,,,,,,,,,
,,,,,,,,,,,
,,,,,,,,,,,
,,,,,,,,,,,
,,,,,,,,,,,
,,,,,,,,,,,
,,,,,,,,,,,
,,,,,,,,,,,
,,,,,,,,,,,
,,,,,,,,,,,
,,,,,,,,,,,
,,,,,,,,,,,
,,,,,,,,,,,
,,,,,,,,,,,
,,,,,,,,,,,
2023-12-14 10:40:52,prayer rug,doormat,0.2674194872379303,0.18556205928325653,719.5921992221042,1.4398889994719126,157.1464118824468,11.086121473355897,0.5261438005754806,30,ResNet50
2023-12-14 10:40:57,megalith,oscilloscope,0.33717072010040283,0.07659842073917389,505.68111656088854,0.8429447590691856,89.9139483180923,14.95,0.6767715824694144,240,ResNet50
2023-12-14 10:40:58,minivan,cab,0.1752292811870575,0.09121780842542648,620.1345272468131,0.033874444817487026,145.6619076163394,16.326101262438137,0.7569974019489312,30,ResNet50
2023-12-14 10:40:58,candle,syringe,0.824576199054718,0.05695442110300064,459.1837228335904,0.5178562863179392,157.48334006943207,13.573626896273378,0.6577174662609362,30,ResNet50
2023-12-14 10:43:15,prayer rug,doormat,0.2674194872379303,0.18556205928325653,719.5921992221042,1.4398889994719126,157.1464118824468,11.086121473355897,0.5261438005754806,30,ResNet50
2023-12-14 10:43:20,megalith,oscilloscope,0.33717072010040283,0.07659842073917389,505.68111656088854,0.8429447590691856,89.9139483180923,14.95,0.6767715824694144,240,ResNet50
2023-12-14 10:43:20,minivan,cab,0.1752292811870575,0.09121780842542648,620.1345272468131,0.033874444817487026,145.6619076163394,16.326101262438137,0.7569974019489312,30,ResNet50
2023-12-14 10:43:21,candle,syringe,0.824576199054718,0.05695442110300064,459.1837228335904,0.5178562863179392,157.48334006943207,13.573626896273378,0.6577174662609362,30,ResNet50
2023-12-14 10:43:22,tank,missile,0.41815853118896484,0.2055555135011673,484.6398045972172,0.2434270432766974,128.5822261244418,17.984896933468697,0.6653929945515356,30,ResNet50
2023-12-14 10:47:07,prayer rug,doormat,0.2674194872379303,0.18556205928325653,719.5921992221042,1.4398889994719126,157.1464118824468,11.086121473355897,0.5261438005754806,30,ResNet50
2023-12-14 10:47:12,megalith,oscilloscope,0.33717072010040283,0.07659842073917389,505.68111656088854,0.8429447590691856,89.9139483180923,14.95,0.6767715824694144,240,ResNet50
2023-12-14 10:47:12,minivan,cab,0.1752292811870575,0.09121780842542648,620.1345272468131,0.033874444817487026,145.6619076163394,16.326101262438137,0.7569974019489312,30,ResNet50
2023-12-14 10:47:13,candle,syringe,0.824576199054718,0.05695442110300064,459.1837228335904,0.5178562863179392,157.48334006943207,13.573626896273378,0.6577174662609362,30,ResNet50
2023-12-14 10:47:44,prayer rug,doormat,0.2674194872379303,0.18556205928325653,719.5921992221042,1.4398889994719126,157.1464118824468,11.086121473355897,0.5261438005754806,30,ResNet50
2023-12-14 10:47:49,megalith,oscilloscope,0.33717072010040283,0.07659842073917389,505.68111656088854,0.8429447590691856,89.9139483180923,14.95,0.6767715824694144,240,ResNet50
2023-12-14 10:47:49,minivan,cab,0.1752292811870575,0.09121780842542648,620.1345272468131,0.033874444817487026,145.6619076163394,16.326101262438137,0.7569974019489312,30,ResNet50
2023-12-14 10:47:50,candle,syringe,0.824576199054718,0.05695442110300064,459.1837228335904,0.5178562863179392,157.48334006943207,13.573626896273378,0.6577174662609362,30,ResNet50
2023-12-14 10:47:51,tank,missile,0.41815853118896484,0.2055555135011673,484.6398045972172,0.2434270432766974,128.5822261244418,17.984896933468697,0.6653929945515356,30,ResNet50
2023-12-14 10:47:56,drake,goldfinch,0.6603855490684509,0.48737868666648865,565.6916384584704,-0.26871919260392507,126.64519986380967,14.95,0.7,270,ResNet50
2023-12-14 10:52:41,gorilla,Madagascar cat,0.3703480064868927,0.08282895386219025,595.3892654450624,-0.10789887601362991,199.73107404981377,13.204481227057657,0.6924339335647762,150,ResNet50
2023-12-14 10:56:50,gorilla,Madagascar cat,0.3703480064868927,0.08148118853569031,467.30395170231344,0.2170519205879229,147.40562219523167,13.57886303786958,0.6027052310655502,90,ResNet50
2023-12-14 10:56:52,drilling platform,crane,0.5788390040397644,0.24736441671848297,504.3325372425859,-0.845980236359988,299,14.467572031163936,0.37346769924310985,120,ResNet50
2023-12-14 10:58:04,gorilla,Madagascar cat,0.3703480064868927,0.08148118853569031,467.30395170231344,0.2170519205879229,147.40562219523167,13.57886303786958,0.6027052310655502,90,ResNet50
2023-12-14 10:58:07,drilling platform,crane,0.5788390040397644,0.24736441671848297,504.3325372425859,-0.845980236359988,299,14.467572031163936,0.37346769924310985,120,ResNet50
2023-12-14 10:58:28,Loafer,running shoe,0.5020003914833069,0.1429835855960846,582,-0.5390450660533925,234.06715571225124,12.45,0.7,36,ResNet50
2023-12-14 11:05:02,prayer rug,doormat,0.2674194872379303,0.18556205928325653,719.5921992221042,1.4398889994719126,157.1464118824468,11.086121473355897,0.5261438005754806,30,ResNet50
2023-12-14 11:05:09,megalith,oscilloscope,0.33717072010040283,0.21511518955230713,502.6496367825105,0.41548070545826743,139.31718296087578,14.95,0.7,300,ResNet50
2023-12-14 11:14:29,prayer rug,doormat,0.2674194872379303,0.18556205928325653,719.5921992221042,1.4398889994719126,157.1464118824468,11.086121473355897,0.5261438005754806,30,ResNet50
2023-12-14 11:14:35,megalith,oscilloscope,0.33717072010040283,0.21511518955230713,502.6496367825105,0.41548070545826743,139.31718296087578,14.95,0.7,300,ResNet50
2023-12-14 11:16:48,rocking chair,bannister,0.42176714539527893,0.24807222187519073,583.9379906814016,-0.8564100932214719,231.88908297819194,13.918176079104974,0.5665022404382043,30,ResNet50
2023-12-14 11:16:54,padlock,hatchet,0.4101651906967163,0.11425704509019852,549.0764539696875,-0.43019560382484345,181.1027396337729,14.95,0.7,270,ResNet50
2023-12-14 11:19:45,trombone,bubble,0.3907681405544281,0.09985879808664322,530.5860510043294,-0.4275853676607284,272.6326618984162,14.95,0.7,60,ResNet50
2023-12-14 11:21:45,hip,rubber eraser,0.26265063881874084,0.16881656646728516,589.7121096796732,-0.4410668059286692,213.3724625675077,14.95,0.6540010836489379,180,ResNet50
2023-12-14 11:28:52,pay-phone,odometer,0.48205438256263733,0.12987662851810455,705.8219592211826,-0.5297160448867644,259.22056416721205,14.874064067966772,0.7,60,ResNet50
2023-12-14 11:31:24,fountain,stage,0.23525315523147583,0.2515418827533722,558.6793056983964,0.5270647292758928,153.26310470197294,18.422189933537318,0.7939623630794568,30,ResNet50
2023-12-14 11:31:30,bee,damselfly,0.4609803557395935,0.09745028614997864,459.97809518902596,-0.3835620678105729,175.96912955254845,12.511604985080279,0.6530559964663111,240,ResNet50
2023-12-14 11:31:30,stone wall,broom,0.30535489320755005,0.21924246847629547,730.8733665324306,-1.045434475860334,252.00252090240875,13.019166101307906,0.6564682386269267,30,ResNet50
2023-12-14 11:31:31,Loafer,running shoe,0.0911894366145134,0.26826032996177673,701.5835649410776,-0.03227502536680116,209.73995746917257,14.367447873505926,0.7288443678929636,30,ResNet50
2023-12-14 11:31:32,freight car,passenger car,0.31581687927246094,0.23708535730838776,453.1897025748658,-0.2589103916819171,178.29423548975979,12.024571739332265,0.6561593353363471,30,ResNet50
2023-12-14 11:31:32,clog,maypole,0.5455231666564941,0.1336437463760376,479.3814451265223,-0.9134352336182594,181.06431360736022,13.195186234855072,0.707041112415688,30,ResNet50
2023-12-14 11:31:33,dishrag,pencil box,0.5464749932289124,0.1555669754743576,717.1917277962364,0.7889481251015367,36.420528852324644,16.045753552683266,0.5959338954738017,30,ResNet50
2023-12-14 11:31:34,aircraft carrier,fireboat,0.34556689858436584,0.2595638036727905,498.2228448307426,-0.8534785991813517,283.9784026647625,14.30506905821268,0.6105113620921865,30,ResNet50
2023-12-14 11:34:46,dragonfly,damselfly,0.3699132204055786,0.2502758204936981,527.2624804825404,-0.08103164111361472,76.40745038063011,14.95,0.6921336139438026,60,ResNet50
2023-12-14 11:34:47,minibus,whistle,0.3496231138706207,0.12397918105125427,396.42355508606926,0.5015462595490474,116.49979062166545,19.305082813037203,0.7221041647769548,30,ResNet50
2023-12-14 11:34:49,prayer rug,church,0.18412543833255768,0.19830410182476044,484.8852876388152,0.12093118102451811,171.0723474120726,14.95,0.6097392559068335,60,ResNet50
2023-12-14 11:34:51,castle,suspension bridge,0.364773154258728,0.13749301433563232,467.3632385219072,-0.4232638251869384,265.51174507368745,10.901757915654926,0.7,90,ResNet50
2023-12-14 11:34:51,hippopotamus,Mexican hairless,0.5565622448921204,0.203193798661232,417.94313593373073,0.2538642926499248,89.3082296662257,12.624282633577067,0.5004913116925889,30,ResNet50
2023-12-14 11:41:14,ant,wolf spider,0.4104260504245758,0.2312633991241455,543.8592920439992,-0.07491815802319102,127.80847443827203,17.511719227339306,0.7183061480754619,30,ResNet50
2023-12-14 11:41:20,streetcar,maypole,0.5128876566886902,0.13136981427669525,750,-0.8000307926915181,253.13743271715737,14.584459800980145,0.6761391199716519,240,ResNet50
2023-12-14 11:43:36,radio,odometer,0.677551805973053,0.20014797151088715,602.0292722331787,-0.991975746040234,298.12400720375194,12.304072477618309,0.664717529538558,30,ResNet50
2023-12-14 11:43:36,lycaenid,bee,0.42697253823280334,0.18943224847316742,471.73457309428375,0.6128860968628098,142.94527373225546,12.363029640742354,0.5632835120360935,30,ResNet50
2023-12-14 11:43:39,jellyfish,matchstick,0.383700430393219,0.19231602549552917,620.316933929457,0.12298066157758825,187.51531118784197,14.95,0.7,150,ResNet50
2023-12-14 11:43:41,car mirror,odometer,0.6996139287948608,0.3307451903820038,618.3967576470988,0.3987939684360782,41.12740217248152,13.13789691863482,0.7,60,ResNet50
2023-12-14 11:45:38,carousel,bubble,0.2705288231372833,0.10907330363988876,429.1638240527766,-0.2817793418187461,162.0393022370868,14.95,0.7,60,ResNet50
2023-12-14 11:45:39,espresso,soup bowl,0.6162827610969543,0.1651366651058197,544.0168392235976,0.34990893945820056,23.842880604316864,12.408055342098777,0.5735500098679556,60,ResNet50
2023-12-14 11:45:40,car wheel,disk brake,0.32994234561920166,0.25735336542129517,688.2691400938916,0.14361349402814239,90.32592852439441,14.25960314547406,0.609235282652361,60,ResNet50
2023-12-14 11:45:41,castle,crane,0.4394742548465729,0.14132390916347504,663.2803234177479,-1.230258148339815,250.8241144531118,18.250518480952366,0.5028398502287669,30,ResNet50
2023-12-14 11:48:18,wing,canoe,0.6791699528694153,0.26780322194099426,498.484446776355,0.08506630188800349,113.10983482562995,14.161065519523431,0.7,420,ResNet50
2023-12-14 11:48:19,conch,thimble,0.4121513068675995,0.06879447400569916,430.22259890775626,-0.464972509765335,271.20421914522694,10.792215188409113,0.5686594633438211,30,ResNet50
2023-12-14 11:48:21,damselfly,lacewing,0.4805727005004883,0.200419083237648,600.6394640385521,-0.23939346568983144,148.93609152941826,14.27619416980045,0.6403638619571038,120,ResNet50
2023-12-14 11:48:22,warplane,wing,0.367127388715744,0.26746100187301636,631.1930286364786,-1.085005016973709,103.45576285108875,12.493455397308404,0.5018749736044826,30,ResNet50
2023-12-14 11:53:36,street sign,analog clock,0.2246660739183426,0.15506891906261444,514.1991687437761,-0.7318123262224778,272.50184277410483,10,0.6499999999999999,102,ResNet50
2023-12-14 11:53:36,beer bottle,pop bottle,0.2073080837726593,0.12620271742343903,558.1298956251635,1.1903434805864017,140.944396264584,12.749982197649448,0.7483857865406682,30,ResNet50
2023-12-14 11:53:53,paintbrush,ballpoint,0.7778632044792175,0.10865446925163269,519.6641589374036,-0.7255792231125896,181.27747039533023,10,0.45131966850487965,22,ResNet50
2023-12-14 11:55:49,pizza,plate,0.33618372678756714,0.2010464072227478,543.6007965324458,-0.14541548634290052,73.08629728138231,11.529228221963642,0.5765714818788086,60,ResNet50
2023-12-14 11:57:42,beach wagon,cab,0.12649387121200562,0.15525634586811066,655.5083607244314,-0.8139531839471034,198.72444472805975,17.630291866139505,0.6576918681911615,30,ResNet50
2023-12-14 11:57:43,streetcar,electric locomotive,0.15793149173259735,0.19490846991539001,586.6819135772745,-1.2224586386400997,195.79961721309868,11.836152204694924,0.5300145612418252,30,ResNet50
2023-12-14 11:57:43,wig,hair slide,0.46003401279449463,0.19240333139896393,575.2790776311572,-0.5272864025405208,183.44264324551693,10.818570017980655,0.5984376936655856,30,ResNet50
2023-12-14 11:57:45,monarch,mantis,0.2411947250366211,0.06078222766518593,593.0647700089173,-0.3798009268402073,299,14.95,0.7,60,ResNet50
2023-12-14 11:57:45,trolleybus,minibus,0.46058979630470276,0.20264746248722076,402.22742503287293,0.07966495907701421,176.1616382890608,15.724537240440348,0.5311665636081967,30,ResNet50
2023-12-14 11:57:46,disk brake,chain,0.3133677542209625,0.19540324807167053,414.0758097594072,-0.4101169634309032,109.78591615609916,15.291139244947118,0.6240897359814702,30,ResNet50
2023-12-14 11:59:57,seashore,pole,0.32619985938072205,0.5370046496391296,698.7213231785588,-0.775886723890487,291.70394507680277,16.239178339592264,0.5300305804816983,30,ResNet50
2023-12-14 11:59:57,butcher shop,crayfish,0.44305291771888733,0.236223965883255,537.5204383176542,0.4554717125268648,35.46881376951532,13.095942811473513,0.7503397184948783,30,ResNet50
2023-12-14 11:59:58,monastery,bell cote,0.27913832664489746,0.26623237133026123,727.1761919332162,-0.5940964189705481,289.16907896544274,14.471759665486116,0.6382308476319117,30,ResNet50
2023-12-14 12:00:02,steel arch bridge,suspension bridge,0.6510303616523743,0.16326884925365448,557.4218167343992,0.2603883290716112,75.43473982388502,14.813982010496993,0.7,180,ResNet50
2023-12-14 12:00:04,organ,bannister,0.21459244191646576,0.17351515591144562,558.8469119315861,0.49672386061771034,119.41415565244415,14.95,0.5429454411179206,120,ResNet50
2023-12-14 12:00:06,parachute,megalith,0.15859921276569366,0.15110239386558533,413.7196607683749,-0.09101936696600066,174.98939324750012,14.95,0.6446112024702928,60,ResNet50
2023-12-14 12:00:07,pot,fountain,0.6553331017494202,0.07952751219272614,460.08692529965293,-0.30047057797866505,149.1747655931947,13.953608542709212,0.7,60,ResNet50
2023-12-14 12:00:08,beacon,bannister,0.6253387331962585,0.11517712473869324,573.2398521229704,0.7107153857896207,60.05463695907443,11.752107686604534,0.5388006276748717,30,ResNet50
2023-12-14 12:00:08,bell cote,mosque,0.15486878156661987,0.10187667608261108,468.96762720250643,0.16702935268439756,133.1820414929486,10.510799165956833,0.7434457584025123,30,ResNet50
2023-12-14 12:00:09,disk brake,chain,0.3133677542209625,0.2206086814403534,662.2461124683716,0.2766973075425383,249.93605293979672,13.207993906396831,0.7175258111310738,30,ResNet50
2023-12-14 12:00:10,trolleybus,streetcar,0.46058979630470276,0.2724437415599823,434.2430642280811,0.7326999829843057,70.67696581674485,17.893517223197904,0.7370073112643415,30,ResNet50
2023-12-14 12:00:11,grasshopper,damselfly,0.1694905012845993,0.20683835446834564,444.9471090491199,-0.732992990894368,251.18975294229253,13.08730264306445,0.6006788050748302,60,ResNet50
2023-12-14 12:00:13,pay-phone,stage,0.48205438256263733,0.10396600514650345,422.3651810586245,-0.4978217885162588,286.0567161111539,11.519980799475814,0.7,60,ResNet50
2023-12-14 12:02:23,military uniform,torch,0.5853307247161865,0.17872211337089539,626.1403569119676,0.3284805006687006,85.26599947739258,13.540519890296688,0.7518572307600038,30,ResNet50
2023-12-14 12:02:26,tile roof,digital clock,0.47329267859458923,0.09130372852087021,521.1616057104474,0.7883184011257678,19.58159898508535,14.95,0.6742500718667894,150,ResNet50
2023-12-14 12:04:19,triumphal arch,fountain,0.42036840319633484,0.16023597121238708,526.5480138460364,-0.0018765607756505709,140.82563294006528,18.337168973277922,0.7837218235295069,30,ResNet50
2023-12-14 12:04:20,hippopotamus,African crocodile,0.30687153339385986,0.09578660875558853,408.5980257460627,0.15368773483798037,56.87320227007812,19.76150674771558,0.7973690210071418,30,ResNet50
2023-12-14 12:04:21,beach wagon,police van,0.4842573404312134,0.16202542185783386,576.7153825625013,0.010402052062078893,157.36757111810272,14.95,0.5604528205337131,60,ResNet50
2023-12-14 12:04:22,volleyball,torch,0.5548062324523926,0.15343618392944336,628.2798441058907,-0.8996150558428686,243.73088963522727,12.330377771923413,0.6740677382688618,30,ResNet50
2023-12-14 12:04:23,gorilla,sloth bear,0.46103963255882263,0.06918791681528091,488.28590383917674,0.4651920404652842,45.17778982345983,12.834464800208599,0.7,60,ResNet50
2023-12-14 12:04:24,mosque,pole,0.1382763385772705,0.11573650687932968,737.0080136794429,-1.2120070078234086,271.9222610289694,13.597890322757626,0.665759240424398,30,ResNet50
2023-12-14 12:04:25,brass,swab,0.6424583792686462,0.14869584143161774,385.7565334028245,0.7028108742021861,22.45877581275586,14.1364828694505,0.727396753686173,30,ResNet50
2023-12-14 12:04:26,holster,digital watch,0.5832480192184448,0.07661579549312592,460.17190532385086,0.8494790489916135,89.08008593328768,15.407999630296924,0.5757513070290057,30,ResNet50
2023-12-14 12:04:26,seashore,pole,0.3135796785354614,0.13038019835948944,698.8655531403706,-0.38161032764664893,286.76209358673304,16.330580594727323,0.5323941784955627,30,ResNet50
2023-12-14 12:07:13,bottlecap,wallet,0.16765692830085754,0.08944873511791229,664.3642487695788,-0.43685186346771054,292.126450901983,18.839071620759807,0.5378025985423784,30,ResNet50
2023-12-14 12:07:14,triumphal arch,bubble,0.5244480967521667,0.14779293537139893,460.0406296612833,-0.46886361820540023,181.34562291814163,13.58131948782797,0.7,60,ResNet50
2023-12-14 12:07:18,ice bear,snorkel,0.3435104787349701,0.09757152199745178,560.0555366640124,-0.24956975128311182,115.37742235027461,14.95,0.67869739180554,150,ResNet50
2023-12-14 12:09:28,stage,cinema,0.13459227979183197,0.10122457146644592,738.3968912412079,-0.03879717356051304,233.24972625095054,13.757867916658164,0.708440078670161,30,ResNet50
2023-12-14 12:09:32,rock crab,crayfish,0.38519006967544556,0.09590765833854675,667.7167923058728,0.6335436888172632,34.8573036437055,14.95,0.6092180468538891,210,ResNet50
2023-12-14 12:12:01,lumbermill,fountain,0.5985513925552368,0.07819872349500656,380,0.44215594231783906,0,14.95,0.5868698129123473,60,ResNet50
2023-12-14 12:12:08,moving van,ambulance,0.4155881702899933,0.11632820963859558,571.4933676588236,0.11237958459180625,164.6300549045805,14.95,0.7,330,ResNet50
2023-12-14 12:12:09,bakery,fig,0.44413939118385315,0.2256183624267578,543.5499379971841,0.9049127023184408,71.29503920417719,14.30427114531726,0.6037271618718378,60,ResNet50
2023-12-14 12:12:12,banded gecko,pencil sharpener,0.30302664637565613,0.17781822383403778,593.4401734669148,-0.4455587005714392,256.40603011672766,14.95,0.7,150,ResNet50
2023-12-14 12:25:20,wallet,fountain,0.05254891514778137,0.03899414464831352,451.2765706587122,-0.7942898394670159,294.4503948021242,13.370158764389153,0.7132768839178811,30,MobileNet_V2
2023-12-14 12:28:29,iPod,matchstick,0.08763343095779419,0.051486361771821976,622.8713931270843,-1.1545642347302707,202.78952716357838,12.51218013320022,0.6221948511824947,30,MobileNet_V2
2023-12-14 12:28:30,football helmet,parachute,0.23492135107517242,0.2143479883670807,731.55331046782,0.7368145394857115,65.34763000628769,10.112901272320817,0.5636417174171915,30,MobileNet_V2
2023-12-14 12:31:25,bulbul,jay,0.43539467453956604,0.19114086031913757,451.2256568082269,-0.5171499717784992,155.26751208697516,14.95,0.7,60,MobileNet_V2
2023-12-14 12:31:25,volcano,spotlight,0.0262563768774271,0.07147926092147827,441.7644867385586,0.2580309283383233,76.14450166785984,17.722199030532373,0.6354088375490408,30,MobileNet_V2
2023-12-14 12:31:26,piggy bank,lemon,0.28631746768951416,0.07634808868169785,555.8765000906748,0.033855012601651246,225.26258486980046,15.331032586319512,0.6944511258039036,30,MobileNet_V2
2023-12-14 12:31:27,maze,rugby ball,0.13200220465660095,0.050447557121515274,474.32619276191866,0.30080783053877846,85.07250711439778,10.357817852848983,0.7732497957155225,30,MobileNet_V2
2023-12-14 12:31:27,apron,lab coat,0.06786081194877625,0.08036307990550995,430.4044072611309,1.1988659470442595,2.2363750443487485,15.119497843990963,0.684799964163973,30,MobileNet_V2
2023-12-14 12:31:35,horse cart,missile,0.24560968577861786,0.11913370341062546,621.363534980624,-0.7620967913736365,244.7671422253961,11.326591039672293,0.6756583379786238,330,MobileNet_V2
2023-12-14 12:31:35,little blue heron,jay,0.19216524064540863,0.15444554388523102,469.06832434164653,0.7455870788649488,27.488870714664742,17.290258815684652,0.5074343609242902,30,MobileNet_V2
2023-12-14 12:31:37,goose,lakeside,0.4306429624557495,0.056815020740032196,577.2146695881056,0.2924534344924652,133.16290016109664,10.44196823095599,0.7,60,MobileNet_V2
2023-12-14 12:34:46,umbrella,bubble,0.7698841691017151,0.11681166291236877,418.0782240343851,-0.8130633587227375,212.766910748498,19.785178493999712,0.7995926232835181,30,MobileNet_V2
2023-12-14 12:34:47,grasshopper,dragonfly,0.21886402368545532,0.08867030590772629,636.803297777342,0.5819446359805713,89.29141424722341,10.99363156944449,0.6363469481577196,30,MobileNet_V2
2023-12-14 12:34:47,torch,swing,0.023312687873840332,0.04889992997050285,416.3606082879783,0.10383302976239261,65.99117440024592,18.49221204504103,0.7200736418900382,30,MobileNet_V2
2023-12-14 12:34:48,leaf beetle,leafhopper,0.27856287360191345,0.1716691255569458,529.7035326933776,-0.4999191439300339,208.01459773722135,18.598293755968037,0.729057412871194,30,MobileNet_V2
2023-12-14 12:35:09,umbrella,maypole,0.7762508988380432,0.07216399163007736,610.699109805257,-0.8136259435048461,274.2505639722519,10,0.6499999999999999,37,MobileNet_V2
2023-12-14 12:35:10,holster,Loafer,0.16343475878238678,0.10306243598461151,611.7650801976649,-0.17134411188208643,148.56481504049978,14.432109893911017,0.6336507452981539,30,MobileNet_V2
2023-12-14 12:35:10,tile roof,volcano,0.1810833364725113,0.10446304082870483,730.9378578928206,0.8332968971611785,40.79978064957938,11.104267245096052,0.6073286448562919,30,MobileNet_V2
2023-12-14 12:35:12,dishrag,wool,0.4097996652126312,0.04936014860868454,517.8161268987421,0.5720910607292167,57.20005532032529,12.481458989340561,0.6944639973764196,60,MobileNet_V2
2023-12-14 12:35:12,chambered nautilus,matchstick,0.6412205100059509,0.04241570830345154,584.6772957670755,0.4430669647974499,116.51731557158257,14.633077014606322,0.5397291506787631,30,MobileNet_V2
2023-12-14 12:35:13,bow tie,drumstick,0.050937578082084656,0.061261966824531555,579.210257846718,-1.052237518990649,83.67554849236978,17.585019237734834,0.6659990600578094,30,MobileNet_V2
2023-12-14 12:35:14,pill bottle,paintbrush,0.09919653087854385,0.12375717610120773,672.2205556977221,-0.7165480230978333,239.26808161572484,11.226853840586735,0.7445518712856036,30,MobileNet_V2
2023-12-14 12:35:17,steel arch bridge,wing,0.7021946907043457,0.0906287282705307,568.2715529982152,-0.3493375505050597,253.99150522442483,14.433478711464097,0.7,150,MobileNet_V2
2023-12-14 12:35:19,cheeseburger,pencil sharpener,0.10876437276601791,0.070367231965065,484.82514464323526,0.40916475954561704,145.64187596399813,14.95,0.6996206257306652,60,MobileNet_V2
2023-12-14 12:35:19,carton,perfume,0.19819192588329315,0.09981383383274078,430.4590013337212,-1.3081124029627231,268.7108576772786,18.044686319971223,0.5248485105686143,30,MobileNet_V2
2023-12-14 12:35:20,volleyball,knee pad,0.5265859961509705,0.3265778422355652,555.754812406084,0.04296051089238051,203.10218989209477,16.03602981027432,0.517587064945097,30,MobileNet_V2
2023-12-14 12:35:28,fountain pen,ballpoint,0.5246099233627319,0.11395002901554108,526.0345789710968,0.4126473998385948,104.49505235204138,14.767760941225637,0.6851585717095338,360,MobileNet_V2
2023-12-14 12:38:02,sewing machine,electric fan,0.06173861399292946,0.056057412177324295,445.21678890047957,-0.5772732386766735,131.37799806049603,11.075310742416919,0.5486669593376658,30,MobileNet_V2
2023-12-14 12:38:03,tank,amphibian,0.19680041074752808,0.15017364919185638,443.3138779147242,0.08053826843391354,164.35544650678318,14.609971015166394,0.5012705165380708,30,MobileNet_V2
2023-12-14 12:38:08,fountain pen,ballpoint,0.5246099233627319,0.09737024456262589,516.8456837084298,0.4540157619688838,79.59324736001709,11.997300750156324,0.6332519135474084,240,MobileNet_V2
2023-12-14 12:38:14,lycaenid,cabbage butterfly,0.536801278591156,0.06022113934159279,556.6964705811744,-0.4414658513223908,154.30761746914777,14.95,0.6392563531134957,300,MobileNet_V2
2023-12-14 12:38:15,garter snake,centipede,0.28874850273132324,0.06872127950191498,408.90733739069594,0.2450878601222244,142.41773938700052,18.282636674670442,0.7847784154607028,30,MobileNet_V2
2023-12-14 12:38:16,crash helmet,rubber eraser,0.14856374263763428,0.052614741027355194,503.0822822001439,-0.789427520384755,178.7572305305103,14.140997457976326,0.6960820768671052,30,MobileNet_V2
2023-12-14 12:38:16,worm fence,bannister,0.2530299425125122,0.1664137840270996,719.8422932104911,-1.0733219730981385,97.79465296120168,19.039783181649007,0.5322744257443929,30,MobileNet_V2
2023-12-14 12:38:17,fly,damselfly,0.7173745632171631,0.13528859615325928,472.0256473006688,0.19193919157755412,127.21842506115075,14.95,0.6096383168056904,60,MobileNet_V2
2023-12-14 12:38:18,hog,spindle,0.08341188728809357,0.08376011997461319,422.98919498429166,-0.8017816564586634,269.0201275387223,17.811823430065342,0.6151052376297566,30,MobileNet_V2
2023-12-14 12:38:19,hammerhead,wing,0.0991092175245285,0.2969200611114502,728.3246643004484,-0.6793485705100313,212.02515526758066,11.627761853759871,0.7520784281512314,30,MobileNet_V2
2023-12-14 12:40:35,guillotine,lumbermill,0.1263996958732605,0.07588233798742294,457.11656370810226,0.7725120798241485,200.3128506654565,19.95920817363678,0.5274993639967887,30,MobileNet_V2
2023-12-14 12:40:37,American alligator,black swan,0.40725961327552795,0.1571396440267563,668.5044261313687,0.5410164749727204,42.81310310895665,10.120553934550092,0.6208588398949711,90,MobileNet_V2
2023-12-14 12:40:38,ballplayer,doormat,0.060078032314777374,0.09185215830802917,504.4072684000782,1.0732217965224065,253.93585333999553,14.757203789106086,0.6650385402223926,30,MobileNet_V2
2023-12-14 12:40:39,minivan,police van,0.23237347602844238,0.12418005615472794,737.9026607466735,1.0140263585380462,26.6715513371547,10.693469163386919,0.6088701197976122,30,MobileNet_V2
2023-12-14 12:40:39,canoe,nematode,0.08705263584852219,0.08598194271326065,559.2946057625779,-0.3714114530535544,179.74966670904922,15.473105836432717,0.7353681957638407,30,MobileNet_V2
2023-12-14 12:40:42,comic book,book jacket,0.31551283597946167,0.1226818785071373,509.7128863959866,-0.2226173659953521,272.937461044637,14.739369643316692,0.6840950467891471,120,MobileNet_V2
2023-12-14 12:40:50,basenji,redbone,0.40737900137901306,0.0873332992196083,528.955113996814,-0.505758212817383,160.62686073091476,12.598542032727126,0.548669133483217,390,MobileNet_V2
2023-12-14 12:40:51,hammerhead,tiger shark,0.0991092175245285,0.10088883340358734,681.1570395833035,-1.0188028674325775,207.44664281665118,12.660660995963129,0.7133192246112832,30,MobileNet_V2
2023-12-14 12:43:42,stage,torch,0.10748464614152908,0.1366565227508545,597.8423283399461,-1.1497435344698577,218.72342007862034,16.697282182030406,0.7762037193936211,30,MobileNet_V2
2023-12-14 12:43:42,balance beam,volleyball,0.18066322803497314,0.0790184885263443,605.4467687406038,-0.05420958348766125,228.98648342511586,18.000517953696768,0.7817992551939974,30,MobileNet_V2
2023-12-14 12:46:17,bathing cap,paddle,0.8631064891815186,0.3653244376182556,624.8755481515611,0.816115124097021,23.921911362418946,11.027397687024253,0.625731902863843,30,MobileNet_V2
2023-12-14 12:46:18,ox,paintbrush,0.03930576145648956,0.18986324965953827,476.0842701029419,-0.333701743271799,216.3519725379915,19.607594390953906,0.7593073907917341,30,MobileNet_V2
2023-12-14 12:48:51,tow truck,golfcart,0.19506904482841492,0.07269451022148132,563.7701140429508,0.16934632157708496,120.44276376683628,17.26043796829374,0.5889761666604584,30,MobileNet_V2
2023-12-14 12:48:53,brass,nematode,0.6708827614784241,0.06224555894732475,522.4362032617819,-0.6626858385217778,240.74416575850907,14.95,0.5970823555277945,120,MobileNet_V2
2023-12-14 12:48:54,street sign,digital clock,0.04266529530286789,0.0679585412144661,531.1268200169451,0.4646106773413319,13.099274700135632,13.357587707672264,0.5916255528181409,30,MobileNet_V2
2023-12-14 12:48:54,head cabbage,mosquito net,0.1542000025510788,0.07258247584104538,418.9145254504018,-0.08874694427510721,224.66482119816143,10.859326432269716,0.6384833196149579,30,MobileNet_V2
2023-12-14 12:48:58,tile roof,thatch,0.33195921778678894,0.16624920070171356,563.2989812354111,0.8167583552453646,0,14.062473780188233,0.588793067346201,180,MobileNet_V2
2023-12-14 12:48:59,centipede,knot,0.5352267622947693,0.06985732913017273,449.58729251459073,0.7067936077996554,18.93728890575322,14.95,0.6509854174110123,60,MobileNet_V2
2023-12-14 12:49:00,holster,bubble,0.06421998888254166,0.03669415041804314,395.43402866775114,0.6312592542381732,195.92155039423687,10.903948658511595,0.600750569098425,30,MobileNet_V2
2023-12-14 12:49:01,Indian elephant,African elephant,0.4379971921443939,0.286482036113739,625.9939382689387,-0.8303922711823299,261.24133977214615,13.299580829997614,0.7,60,MobileNet_V2
2023-12-14 12:49:02,cinema,pencil box,0.06718583405017853,0.0628347396850586,727.7142631500948,0.06859247198560592,33.520482156911754,17.749282963079605,0.5153862207811791,30,MobileNet_V2
2023-12-14 12:49:03,cabbage butterfly,syringe,0.6333789825439453,0.1036783903837204,688.8357301099988,-0.6991771879576416,261.96401796084166,19.561341323689057,0.7938413430344644,30,MobileNet_V2
2023-12-14 12:49:04,monarch,daisy,0.21009324491024017,0.07579676806926727,661.5415160635523,-0.01904081177912742,77.90832984327076,15.414972596404864,0.7603191385741523,30,MobileNet_V2
2023-12-14 12:49:07,folding chair,missile,0.6159544587135315,0.04059429466724396,497.0064879998154,0.5447703503812826,41.97229405114044,14.95,0.668374685238146,120,MobileNet_V2
2023-12-14 12:49:07,French loaf,matchstick,0.5838396549224854,0.0724557563662529,562.737607080316,-0.523112941910417,198.86419568302227,18.96960527528205,0.6961743113839942,30,MobileNet_V2
2023-12-14 12:49:08,menu,ballpoint,0.28312432765960693,0.09664884954690933,414.59269512772516,-0.5461876932779273,169.00774094305612,18.535589704209926,0.6923328296274498,30,MobileNet_V2
2023-12-14 12:52:35,tick,sea slug,0.7747014760971069,0.11131591349840164,381.43990682497156,0.6572233807432708,1.6456201647636035,11.890018659961125,0.7808799213255571,30,MobileNet_V2
2023-12-14 12:52:36,greenhouse,steel arch bridge,0.5104438662528992,0.031778305768966675,501.584473460514,0.8904359863017992,28.967509932871017,11.266878360543007,0.54993708485483,60,MobileNet_V2
2023-12-14 12:52:41,triumphal arch,missile,0.6955879926681519,0.06509018689393997,491.14628415090823,0.5539190407479778,45.63998041135757,13.08234750544556,0.6693260534823882,240,MobileNet_V2
2023-12-14 12:52:41,shield,sax,0.050977401435375214,0.03601279854774475,558.0317135301694,-0.36118703105152816,290.492869992572,14.099442263412676,0.5729139141409688,30,MobileNet_V2
2023-12-14 12:52:42,stage,fountain,0.10748464614152908,0.054795801639556885,556.065778273773,-0.04739352864208926,152.7046966344456,11.025880980221206,0.7,60,MobileNet_V2
2023-12-14 12:52:46,ambulance,police van,0.3188779354095459,0.3455098271369934,454.81716199863956,0.583794991365053,70.28102874381565,14.421075079793132,0.7,150,MobileNet_V2
2023-12-14 12:52:48,park bench,stove,0.23445209860801697,0.1397029310464859,631.1234906579773,0.495821788182331,61.80813004659869,13.50420700247312,0.7,90,MobileNet_V2
2023-12-14 12:52:48,balloon,bubble,0.39887911081314087,0.059301380068063736,412.0864892911393,-1.0243810270320601,288.9929252555761,17.591201427830697,0.6672275772068853,30,MobileNet_V2
2023-12-14 12:52:49,ladybug,ballpoint,0.6981268525123596,0.0911116749048233,520.0154033926804,0.4777672595379334,31.59143300029174,17.760963034849738,0.7089739441167437,30,MobileNet_V2
2023-12-14 12:52:50,harvestman,hummingbird,0.043606728315353394,0.06382805854082108,663.1971519467218,0.027454422763360187,205.11156166048843,13.17388077769353,0.6320479476559058,30,MobileNet_V2
2023-12-14 12:52:50,lacewing,sulphur butterfly,0.05912080779671669,0.0741940289735794,724.5024048318937,-0.34346427157229065,117.38961893991379,10.772291221030294,0.7202198718186087,30,MobileNet_V2
2023-12-14 12:52:51,stone wall,green mamba,0.15679693222045898,0.11563019454479218,524.5383246199663,0.9292778557553816,16.919507850782676,13.999742095777794,0.6229251598439696,30,MobileNet_V2
2023-12-14 12:52:53,horse cart,plow,0.5123279690742493,0.04990098252892494,449.545529391076,-0.6904611972042571,282.45101001746895,14.95,0.6745339684382743,60,MobileNet_V2
2023-12-14 12:52:56,dining table,pool table,0.5922144055366516,0.07958211749792099,506.7098879143956,-0.691436189979423,281.0779403433639,10.379831661639445,0.7,150,MobileNet_V2
2023-12-14 12:52:57,triumphal arch,fountain,0.06274239718914032,0.13566148281097412,424.98811795907875,-0.5083899580669704,187.44061014569795,19.39327865741435,0.7610285766979041,30,MobileNet_V2
2023-12-14 12:52:57,daisy,quill,0.534845232963562,0.08239682018756866,597.2350980000468,-0.537973088474601,202.72443723910436,14.971011320367865,0.6277179965768213,30,MobileNet_V2
2023-12-14 12:55:33,plate,soup bowl,0.21344076097011566,0.12313619256019592,493.6914680625265,0.5441914837558559,57.95922244167565,11.726270154058813,0.7,120,MobileNet_V2
2023-12-14 13:00:38,book jacket,hair spray,0.07385022193193436,0.06177854537963867,410.12214143357016,-0.8065432713730082,207.0361887707063,11.827353352824781,0.5001018252450155,30,MobileNet_V2
2023-12-14 13:00:39,brass,quill,0.2186896950006485,0.08059202879667282,406.06593758400504,-0.559190971212159,187.3571915874679,12.060209453613012,0.7,60,MobileNet_V2
2023-12-14 13:00:39,sarong,pole,0.12705817818641663,0.043932221829891205,539.5780539904795,0.8731397615589511,31.860453613573497,19.474200011574148,0.7019473044101271,30,MobileNet_V2
2023-12-14 13:00:40,promontory,volcano,0.5585283637046814,0.3568665683269501,667.6687322768321,0.7493227745351008,45.95241534805912,17.484404265251392,0.5588750319549068,30,MobileNet_V2
2023-12-14 13:00:41,nematode,night snake,0.047497671097517014,0.16274280846118927,541.782335607858,-0.47328356306718966,225.43585437258008,14.525839567245498,0.6941916098362925,30,MobileNet_V2
2023-12-14 13:00:56,traffic light,bubble,0.8537582159042358,0.0695834532380104,396,-0.5944667684232845,219.27405593552768,14.95,0.7,18,MobileNet_V2
2023-12-14 13:00:57,American alligator,black swan,0.40725961327552795,0.12194042652845383,655.064015939043,0.2423732307561413,75.47975184059361,13.192775645103561,0.7,60,MobileNet_V2
2023-12-14 18:20:47,"wallet, billfold, notecase, pocketbook","rule, ruler",0.5847901105880737,0.06957466155290604,472.6832093747057,0.4094882621350606,53.77162752844368,12.172990303520109,0.5127502895513831,30,Vit_b
2023-12-14 18:24:32,rapeseed,daisy,0.04559404402971268,0.12623022496700287,596.0658899857208,-1.2646889750377766,49.98852857095962,11.962966199933053,0.5446984098599685,30,Vit_b
2023-12-14 18:24:35,"racer, race car, racing car","sports car, sport car",0.4819846749305725,0.5559890270233154,658.8330514490752,0.062145141557433434,299,14.95,0.6976931794103562,60,Vit_b
2023-12-14 18:24:37,"worm fence, snake fence, snake-rail fence, Virginia fence",barn,0.9372826814651489,0.5216652750968933,431.8661536497885,1.4401866634769998,106.32222368269692,17.480399003138075,0.5596407448497382,30,Vit_b
2023-12-14 18:24:38,"flagpole, flagstaff",pole,0.9856528043746948,0.14347870647907257,585.4744779587627,0.6307718429925382,124.02521315773697,18.817092512450994,0.6381658626566776,30,Vit_b
2023-12-14 18:27:47,minibus,"passenger car, coach, carriage",0.920994758605957,0.19103297591209412,522.0757541990072,-0.49486162490034835,294.1685351668726,15.538141890848602,0.6315330657554986,30,Vit_b
2023-12-14 18:27:51,moving van,ambulance,0.9844412803649902,0.4443756639957428,570.0636946334618,0.5500887980041766,80.06915597270097,14.95,0.7,60,Vit_b
2023-12-14 18:27:52,Loafer,"ballpoint, ballpoint pen, ballpen, Biro",0.8535841703414917,0.361733615398407,583.0868268939993,-0.3015742117406215,187.806714852382,19.688960219078076,0.7758808914710518,30,Vit_b
2023-12-14 18:27:54,safety pin,"lipstick, lip rouge",0.494211882352829,0.8407937288284302,692.0630365881193,-0.251053224865742,158.87544316510053,17.786315252950192,0.6586261783532259,30,Vit_b
2023-12-14 18:31:14,fly,"lacewing, lacewing fly",0.4104701578617096,0.3050643503665924,386.57186986249934,1.164152469463854,20.13436302405346,12.955112629407404,0.5096187844171266,30,Vit_b
2023-12-14 18:33:11,"thatch, thatched roof","spotlight, spot",0.9985710382461548,0.4794657528400421,454.3381286535215,0.5347592273094239,130.3701574443436,19.945757411726007,0.7133879836307591,30,Vit_b
2023-12-14 18:33:13,"valley, vale",geyser,0.9865526556968689,0.4436548054218292,606.407695471893,-1.3334700450252361,221.2186105403255,18.16177051636445,0.765052235094094,30,Vit_b
2023-12-14 18:35:13,bubble,"spotlight, spot",0.9993680119514465,0.21042850613594055,575.3444192196334,-0.28952475121287935,250.64066298047712,14.95,0.625710554796841,60,Vit_b
2023-12-14 18:35:29,basketball,volleyball,0.9794933199882507,0.5064505934715271,601.7298392055901,-0.12220233501981537,24.30556006140024,13.933333731441156,0.7,300,Vit_b
2023-12-14 18:38:18,crash helmet,torch,0.9818387031555176,0.31401538848876953,456.01989652099974,0.933241429168674,177.70036134634557,14.816126117563847,0.6057142368659671,180,Vit_b
2023-12-14 18:38:22,damselfly,"dragonfly, darning needle, devil's darning needle, sewing needle, snake feeder, snake doctor, mosquito hawk, skeeter hawk",0.9361854195594788,0.531187891960144,652.5061607753569,-0.10557329722839026,125.35963950103435,14.95,0.7,60,Vit_b
2023-12-14 18:38:23,pillow,"lighter, light, igniter, ignitor",0.04339668154716492,0.9572966694831848,565.6335990666917,1.5203067175678804,190.58522050230874,17.92656363601627,0.6233772184569688,30,Vit_b
2023-12-14 18:39:36,"lakeside, lakeshore",swing,0.9510254263877869,0.8382483720779419,621.0843852584557,1.2693569695174398,197.7428086339281,13.005277106976841,0.689238686624892,30,Vit_b
2023-12-14 18:39:38,"monarch, monarch butterfly, milkweed butterfly, Danaus plexippus",pinwheel,0.28116661310195923,0.4124041199684143,745.2383574552948,-1.2794687103736555,264.6829154224189,11.227756770458932,0.6668380606103302,30,Vit_b
2023-12-14 18:41:45,convertible,"racer, race car, racing car",0.9020226001739502,0.4907689094543457,748.09856219513,0.32560880264838543,86.18629927986503,13.524150338352626,0.7886460170385912,30,Vit_b
2023-12-14 18:41:47,steam locomotive,"spotlight, spot",0.9886969327926636,0.3415396213531494,584.7663196300751,0.36633074925620557,120.8938947707824,11.4263841794073,0.6106956292395087,30,Vit_b
2023-12-14 18:42:04,"revolver, six-gun, six-shooter",rifle,0.9928719401359558,0.504564106464386,543.9173464191135,-0.7671178118539793,270.45806819315413,14.798773532000741,0.7,330,Vit_b
2023-12-14 18:42:06,totem pole,pole,0.9678850173950195,0.6537911891937256,553.3221972182959,-0.7904843057045072,279.83101754635766,15.041042247734744,0.7974040017180879,30,Vit_b
2023-12-14 18:42:10,dowitcher,"redshank, Tringa totanus",0.9974549412727356,0.5735454559326172,724.2327190225556,1.0175283812219877,54.84697383826774,14.95,0.6311624684180407,90,Vit_b
2023-12-14 18:42:12,fountain,"spotlight, spot",0.9885526895523071,0.7265027761459351,542.27797246589,-1.0645299568920237,242.9597016202487,19.080966768060804,0.7551479620289651,30,Vit_b
2023-12-14 18:44:11,strawberry,"candle, taper, wax light",0.7238086462020874,0.32319027185440063,613.6440600553708,-1.3900875695348422,28.321490424786198,14.95,0.6930268978569039,210,Vit_b
2023-12-14 18:44:12,"streetcar, tram, tramcar, trolley, trolley car","passenger car, coach, carriage",0.7688678503036499,0.491958349943161,694.2462281057618,0.9470266895864272,86.903761136232,16.214055104015365,0.7781424490748654,30,Vit_b
2023-12-14 18:45:53,"tank, army tank, armored combat vehicle, armoured combat vehicle",cannon,0.9897913932800293,0.5100247263908386,399.8695464695774,-1.532559636629024,127.94540655919631,19.722850633713634,0.709984722179349,30,Vit_b
2023-12-14 18:45:56,sea urchin,coral reef,0.8793047666549683,0.3440707325935364,681.6857370417388,1.1526890636600964,192.40576752457306,14.13501464411579,0.6167309177592515,60,Vit_b
2023-12-14 18:45:59,"prayer rug, prayer mat",tennis ball,0.9965367317199707,0.25321751832962036,518.5169550967419,1.2571481320569722,299,14.95,0.6364227684831553,60,Vit_b
2023-12-14 18:46:10,"common iguana, iguana, Iguana iguana",armadillo,0.9968516230583191,0.628923237323761,441.93247583595337,0.20772270093953654,83.65602059073194,11.080803086433432,0.5617683560433105,210,Vit_b
2023-12-14 18:46:11,pelican,goose,0.7927404046058655,0.620745837688446,387.8415331531879,-0.6622609277949115,168.61229208185085,18.587009191116852,0.6159463658878013,30,Vit_b
2023-12-14 18:46:13,"warplane, military plane",wing,0.889719545841217,0.2095203697681427,561.7306781742395,-0.08679818572197728,195.8382250759659,14.880885265954458,0.5162363778300275,30,Vit_b
2023-12-14 18:46:16,cannon,"swab, swob, mop",0.9957391023635864,0.5154329538345337,446.118688844195,1.4566645320289848,0,14.95,0.621120544131873,60,Vit_b
2023-12-14 18:47:56,car wheel,plastic bag,0.7840741872787476,0.5235593318939209,398.3231899171708,-0.5058143968480171,48.11735211232149,17.15213148224615,0.5909693252160675,30,Vit_b
2023-12-14 18:49:55,beer glass,"crossword puzzle, crossword",0.7732295989990234,0.6003060340881348,610.755772175093,0.22113028288335546,223.25589689592167,15.595892564244117,0.7820079048150059,30,Vit_b
2023-12-14 18:49:56,"perfume, essence","book jacket, dust cover, dust jacket, dust wrapper",0.3582218885421753,0.5280386805534363,579.2059704869747,-0.007418841165244716,206.67357943842924,18.782999503106097,0.5625929639638614,30,Vit_b
2023-12-14 18:49:58,electric locomotive,"passenger car, coach, carriage",0.3676859438419342,0.37313494086265564,686.1005294213758,-0.07789100507592073,87.52925950854495,16.07914744516222,0.5233950148005252,30,Vit_b
2023-12-14 18:50:00,convertible,"sports car, sport car",0.5563883185386658,0.6092913746833801,727.3925359807686,0.03024852038246406,113.2326260412193,10.21570255652769,0.727549709939708,30,Vit_b
2023-12-15 10:27:40,prayer rug,doormat,0.2674194872379303,0.18556205928325653,719.5921992221042,1.4398889994719126,157.1464118824468,11.086121473355897,0.5261438005754806,30,ResNet50
2023-12-15 10:27:48,megalith,oscilloscope,0.33717072010040283,0.21511518955230713,502.6496367825105,0.41548070545826743,139.31718296087578,14.95,0.7,300,ResNet50
2023-12-15 10:51:11,water bottle,paintbrush,0.29850876331329346,0.21615898609161377,475.0619794305405,0.3170120593132395,55.1737484832673,12.201254662173419,0.5152246976103655,30,ResNet50
2023-12-15 11:00:07,water bottle,rubber eraser,0.5096836686134338,0.19789549708366394,601.4336680835518,-0.4114711931468169,298.78436672613634,13.109878217739258,0.5639504773167762,30,ResNet50
2023-12-15 11:26:40,mailbag,racket,0.23469358682632446,0.16459544003009796,475.0619794305405,0.3170120593132395,55.1737484832673,12.201254662173419,0.5152246976103655,30,ResNet50
2023-12-15 11:29:39,mailbag,drumstick,0.14138080179691315,0.25586172938346863,445,-0.43615918287786903,302.23422585979165,30,1.0,30,ResNet50
2023-12-15 11:31:33,racket,drumstick,0.23538213968276978,0.08755455911159515,445,-0.6431991912818398,272.1260139520062,30,1.0,30,ResNet50
2023-12-15 11:31:48,drumstick,mouse,0.11941821873188019,0.12719184160232544,445,-0.3327801806251147,245.31608913412956,30,1.0,30,ResNet50
2023-12-15 11:31:52,drumstick,ballpoint,0.13486754894256592,0.1326029747724533,445,0.030564139213868025,261.7084454388406,30,1.0,30,ResNet50
2023-12-15 11:33:21,water jug,projector,0.16343726217746735,0.12750250101089478,445,0.3170120593132395,55.1737484832673,30,1.0,30,ResNet50
2023-12-15 11:33:28,projector,rule,0.14766252040863037,0.09281662106513977,445,0.757338988758935,2.9676257814294225,30,1.0,30,ResNet50
2023-12-15 11:36:50,water jug,projector,0.22869940102100372,0.13342462480068207,445,0.3170120593132395,55.1737484832673,30,1.0,30,ResNet50
2023-12-15 11:42:57,water jug,projector,0.06203550100326538,0.1870785504579544,445,0.3170120593132395,55.1737484832673,30,1.0,30,ResNet50
2023-12-15 11:43:21,water jug,projector,0.08068560063838959,0.0593133419752121,445,-0.6431991912818398,272.1260139520062,30,1.0,30,ResNet50
2023-12-15 11:44:55,oil filter,projector,0.06657712161540985,0.283870667219162,445,0.3170120593132395,55.1737484832673,30,1.0,30,ResNet50
2023-12-15 11:45:56,projector,vacuum,0.18725129961967468,0.08036906272172928,445,0.1297556617507195,135.76135206590715,30,0.7,60,ResNet50
2023-12-15 13:47:50,water jug,water bottle,0.08748999238014221,0.09955703467130661,445,0.23730626496165041,104.51111631889808,30,1.0,30,ResNet50
2023-12-15 13:47:54,water bottle,projector,0.12188123911619186,0.1285587102174759,445,-0.6431991912818398,272.1260139520062,30,1.0,30,ResNet50
2023-12-15 13:47:56,plunger,projector,0.03147205710411072,0.07094541192054749,445,-0.3327801806251147,245.31608913412956,30,1.0,30,ResNet50
2023-12-15 13:47:58,water bottle,projector,0.046739231795072556,0.11544042825698853,445,-0.07676407877878022,231.90470117330224,30,1.0,30,ResNet50
2023-12-15 13:48:18,water jug,projector,0.07598794996738434,0.0975261926651001,445,0.22238295496288707,115.8075040427367,30,1.0,30,ResNet50
2023-12-15 13:50:52,water jug,water bottle,0.07443498820066452,0.10503958910703659,445,0.23730626496165041,104.51111631889808,30,1.0,30,ResNet50
2023-12-15 13:51:13,water bottle,projector,0.10400602221488953,0.11925815045833588,445,-0.6431991912818398,272.1260139520062,30,1.0,30,ResNet50
2023-12-15 13:52:29,water jug,water bottle,0.08407581597566605,0.0887686088681221,440.0,0.23730626496165041,104.51111631889808,30.0,0.7,30,ResNet50
2023-12-15 13:52:43,water bottle,odometer,0.07750923186540604,0.07985158264636993,750,-0.37624899828300196,248.16703567199863,10.0,0.7,60,ResNet50
2023-12-15 13:52:50,odometer,vacuum,0.14985071122646332,0.09035016596317291,750,-0.45432219667388696,319.9134053914534,10,0.7,60,ResNet50
2023-12-15 13:53:20,water jug,odometer,0.07138702273368835,0.1034650132060051,750.0,-0.5516941672473121,286.54268219121843,5.0,0.7,30,ResNet50
2023-12-15 13:54:00,odometer,swab,0.07729026675224304,0.08860920369625092,750,0.6262752697475913,67.39220579952803,10,0.7,150,ResNet50
2023-12-15 13:54:30,water jug,oil filter,0.05826568230986595,0.11935549974441528,750.0,-0.4127072541654513,282.9852603430653,2.0,1.0,30,ResNet50
2023-12-15 14:19:26,water jug,rule,0.08285004645586014,0.05989072844386101,440.0,0.3170120593132395,73.56499797768973,30.0,0.7,30,ResNet50
2023-12-15 14:20:17,water jug,radiator,0.08963692933320999,0.047197528183460236,440.0,0.3170120593132395,73.56499797768973,30.0,0.7,30,ResNet50
2023-12-15 14:35:06,water jug,radiator,0.08303016424179077,0.04791280999779701,750.0,0.3170120593132395,73.56499797768973,20.0,0.7,30,ResNet50
2023-12-15 14:55:39,water jug,oil filter,0.11977319419384003,0.06981083750724792,750.0,0.23730626496165041,139.3481550918641,20.0,0.7,30,ResNet50
2023-12-15 14:56:23,water jug,oil filter,0.09071607887744904,0.05519076809287071,750.0,0.3170120593132395,73.56499797768973,20.0,0.7,30,ResNet50
2023-12-15 14:56:25,water jug,oil filter,0.09071607887744904,0.08292032033205032,750.0,-0.020337418846769317,239.5368155290199,20.0,0.7,30,ResNet50
2023-12-15 14:56:27,water jug,oil filter,0.09071607887744904,0.11082161962985992,750.0,-0.3327801806251147,327.0881188455061,20.0,0.7,30,ResNet50
2023-12-15 14:56:29,water jug,oil filter,0.09071607887744904,0.07498276233673096,750.0,-0.219053767626483,242.48218127311793,20.0,0.7,30,ResNet50
2023-12-15 14:56:31,water jug,oil filter,0.09071607887744904,0.1392442137002945,750.0,0.22238295496288707,154.4100053903156,20.0,0.7,30,ResNet50
2023-12-15 14:56:34,water jug,oil filter,0.09071607887744904,0.17962932586669922,750.0,-0.26406619793703445,346.4325340228491,20.0,0.7,30,ResNet50
2023-12-15 14:56:36,water jug,oil filter,0.09071607887744904,0.07471811771392822,750.0,-0.05221144564858671,224.9214725428067,20.0,0.7,30,ResNet50
2023-12-15 14:56:37,water jug,oil filter,0.09071607887744904,0.05420728772878647,750.0,0.43517787526441465,11.238077239371913,20.0,0.7,30,ResNet50
2023-12-15 14:56:39,water jug,oil filter,0.09071607887744904,0.06154424697160721,750.0,-0.4701858434314503,374.06014468814317,20.0,0.7,30,ResNet50
2023-12-15 14:56:42,water jug,oil filter,0.09071607887744904,0.044027406722307205,750.0,0.32038050328872836,60.90198690477339,20.0,0.7,30,ResNet50
2023-12-15 14:57:55,water jug,oil filter,0.12605178356170654,0.07278352230787277,750.0,0.23730626496165041,139.3481550918641,20.0,0.7,30,ResNet50
2023-12-15 14:58:05,water jug,oil filter,0.11685988306999207,0.07417526841163635,750.0,-0.020337418846769317,239.5368155290199,20.0,0.7,30,ResNet50
2023-12-15 14:58:07,water jug,oil filter,0.11685988306999207,0.09855922311544418,750.0,-0.3327801806251147,327.0881188455061,20.0,0.7,30,ResNet50
2023-12-15 14:58:12,water jug,oil filter,0.11685988306999207,0.06392012536525726,750,-0.015473721564259357,213.3299284151714,20.0,0.7,60,ResNet50
2023-12-15 14:58:13,water jug,oil filter,0.11685988306999207,0.12322249263525009,750.0,-0.29779654856320903,317.7480222268532,20.0,0.7,30,ResNet50
2023-12-15 14:58:15,water jug,oil filter,0.11685988306999207,0.07547066360712051,750.0,-0.07944566690879884,218.32628636330938,20.0,0.7,30,ResNet50
2023-12-15 14:58:17,water jug,oil filter,0.11685988306999207,0.0649394616484642,750.0,-0.20085030825330974,238.19796375520434,20.0,0.7,30,ResNet50
2023-12-15 14:58:19,water jug,oil filter,0.11685988306999207,0.11017274856567383,750.0,-0.0985479888064722,286.7479738110935,20.0,0.7,30,ResNet50
2023-12-15 14:58:22,water jug,oil filter,0.11685988306999207,0.10255435109138489,750.0,-0.35839156583688436,346.59343507748696,20.0,0.7,30,ResNet50
2023-12-15 14:58:24,water jug,oil filter,0.11685988306999207,0.12237070500850677,750.0,-0.3622810143240476,359.9586580749193,20.0,0.7,30,ResNet50
2023-12-15 14:58:25,water jug,oil filter,0.11685988306999207,0.04478156194090843,750.0,-0.28788486780843225,284.3417041415804,20.0,0.7,30,ResNet50
2023-12-15 15:00:14,water jug,oil filter,0.13819265365600586,0.05271472409367561,750.0,0.018207368881862473,191.72324613769538,20.0,0.7,30,ResNet50
2023-12-15 15:00:22,water jug,odometer,0.09850640594959259,0.07014595717191696,750.0,-0.6431991912818398,362.83468526934155,20.0,0.7,30,ResNet50
2023-12-15 15:00:23,water jug,oil filter,0.09850640594959259,0.07795825600624084,750.0,-0.3327801806251147,327.0881188455061,20.0,0.7,30,ResNet50
2023-12-15 15:00:25,water jug,odometer,0.09850640594959259,0.06008142605423927,750.0,-0.6345504452345084,401.7986816716053,20.0,0.7,30,ResNet50
2023-12-15 15:00:27,water jug,oil filter,0.09850640594959259,0.11078892648220062,750.0,0.22238295496288707,154.4100053903156,20.0,0.7,30,ResNet50
2023-12-15 15:00:29,water jug,oil filter,0.09850640594959259,0.1538596749305725,750.0,-0.26406619793703445,346.4325340228491,20.0,0.7,30,ResNet50
2023-12-15 15:01:57,water jug,oil filter,0.13166053593158722,0.04311042279005051,750.0,0.018207368881862473,191.72324613769538,20.0,0.7,30,ResNet50
2023-12-15 15:01:59,water jug,oil filter,0.13166053593158722,0.08163459599018097,750.0,0.2097146263599774,158.74833011323082,20.0,0.7,30,ResNet50
2023-12-15 15:02:01,water jug,oil filter,0.13166053593158722,0.0854749083518982,750.0,-0.3327801806251147,327.0881188455061,20.0,0.7,30,ResNet50
2023-12-15 15:02:08,water jug,oil filter,0.13166053593158722,0.04564296081662178,750,0.21003384159781424,90.40297672624433,20.0,0.7,120,ResNet50
2023-12-15 15:02:10,water jug,oil filter,0.13166053593158722,0.14736054837703705,750.0,-0.22254061035147976,336.38482722980206,20.0,0.7,30,ResNet50
2023-12-15 15:03:47,water jug,oil filter,0.1515459567308426,0.06401947885751724,750.0,0.23730626496165041,139.3481550918641,20.0,0.7,30,ResNet50
2023-12-15 15:03:49,water jug,oil filter,0.1515459567308426,0.0956248939037323,750.0,0.2097146263599774,158.74833011323082,20.0,0.7,30,ResNet50
2023-12-15 15:03:51,water jug,oil filter,0.1515459567308426,0.11114632338285446,750.0,-0.3327801806251147,327.0881188455061,20.0,0.7,30,ResNet50
2023-12-15 15:03:55,water jug,oil filter,0.1515459567308426,0.06118949502706528,750,-0.015473721564259357,213.3299284151714,20.0,0.7,60,ResNet50
2023-12-15 15:03:57,water jug,water bottle,0.1515459567308426,0.09415458142757416,750.0,-0.3948345568277969,430.3468862654839,20.0,0.7,30,ResNet50
2023-12-15 15:04:53,water jug,oil filter,0.1396474689245224,0.07946821302175522,750.0,0.23730626496165041,139.3481550918641,20.0,0.7,30,ResNet50
2023-12-15 15:04:55,water jug,oil filter,0.1396474689245224,0.0634770616889,750.0,-0.020337418846769317,239.5368155290199,20.0,0.7,30,ResNet50
2023-12-15 15:04:57,water jug,oil filter,0.1396474689245224,0.1208738461136818,750.0,-0.3327801806251147,327.0881188455061,20.0,0.7,30,ResNet50
2023-12-15 15:05:03,water jug,oil filter,0.1396474689245224,0.06946152448654175,750,-0.015473721564259357,213.3299284151714,20.0,0.7,60,ResNet50
2023-12-15 15:05:05,water jug,water bottle,0.1396474689245224,0.06686253100633621,750.0,-0.3948345568277969,430.3468862654839,20.0,0.7,30,ResNet50
2023-12-15 15:11:03,doormat,swab,0.21572646498680115,0.25251567363739014,616.9966787271362,0.9026277413945065,8.385739585040563,10.526286831643064,0.748195611813975,30,ResNet50
2023-12-15 15:11:17,flagpole,missile,0.48557865619659424,0.14885970950126648,577.2758974718502,-0.04396656889339404,226.9394680058942,13.677898507350905,0.6094020965017117,180,ResNet50
2023-12-15 15:13:50,prayer rug,rule,0.060750022530555725,0.049579426646232605,451.2765706587122,-0.7942898394670159,294.4503948021242,13.370158764389153,0.7132768839178811,30,ResNet50
2023-12-15 15:17:04,water jug,oil filter,0.12879151105880737,0.1068151444196701,750.0,-0.43615918287786903,402.97896781305553,20.0,0.7,30,ResNet50
2023-12-15 15:17:06,coffeepot,oil filter,0.0630602315068245,0.08473244309425354,750.0,0.757338988758935,3.95683437523923,20.0,0.7,30,ResNet50
2023-12-15 15:17:09,bucket,odometer,0.07497642189264297,0.24160566926002502,750,0.5632622124606085,23.373742919349034,20.0,0.7,60,ResNet50
2023-12-15 15:17:11,water jug,bucket,0.07744145393371582,0.08138055354356766,750.0,-0.5564390289757575,197.90455959860748,20.0,0.7,30,ResNet50
2023-12-15 15:17:14,water jug,joystick,0.08736506849527359,0.15896612405776978,750.0,0.021024054630811584,232.23819573036675,20.0,0.7,30,ResNet50
2023-12-15 15:17:16,bucket,odometer,0.08604630827903748,0.2329535186290741,750.0,0.3654489318675891,99.82728570751715,20.0,0.7,30,ResNet50
2023-12-15 15:17:18,bucket,odometer,0.1772633194923401,0.10156060010194778,750.0,-0.2842270274838654,336.5408999522639,20.0,0.7,30,ResNet50
2023-12-15 15:17:20,coffeepot,odometer,0.0670403465628624,0.10714291781187057,750.0,-0.43362826049569625,320.61257518024775,20.0,0.7,30,ResNet50
2023-12-15 15:17:22,coffeepot,bucket,0.09945441037416458,0.11856824159622192,750.0,-0.9240767247874823,422.36088817867727,20.0,0.7,30,ResNet50
2023-12-15 15:17:24,bucket,odometer,0.0853566899895668,0.10565545409917831,750.0,-0.45619697962243233,366.2981747820818,20.0,0.7,30,ResNet50
2023-12-15 15:37:49,backpack,grand piano,0.026435021311044693,0.060763876885175705,750,0.5411704201494448,193.17568637997593,20.0,0.7,60,ResNet50
2023-12-15 15:38:00,desk,sliding door,0.027678294107317924,0.04615521803498268,750.0,0.2704693490592591,106.7250287564898,20.0,0.7,30,ResNet50
2023-12-15 15:38:03,desktop computer,odometer,0.02478666789829731,0.1253560483455658,750.0,-0.539095735580406,393.41929780153447,20.0,0.7,30,ResNet50
2023-12-15 15:38:05,desktop computer,odometer,0.04666540026664734,0.07939766347408295,750.0,0.4711680468795185,1.5576095806837946,20.0,0.7,30,ResNet50
2023-12-15 15:38:07,desktop computer,odometer,0.024350043386220932,0.0728578194975853,750.0,-0.41194328286254867,365.61879785052986,20.0,0.7,30,ResNet50
2023-12-15 15:38:09,desktop computer,odometer,0.02253582701086998,0.07886120676994324,750.0,-0.7289569882250263,389.25501733342884,20.0,0.7,30,ResNet50
2023-12-15 15:38:11,desktop computer,swab,0.025528142228722572,0.05737803503870964,750.0,-0.2842270274838654,336.5408999522639,20.0,0.7,30,ResNet50
2023-12-15 15:38:13,desktop computer,projector,0.025520319119095802,0.0848187655210495,750.0,0.13988521943710674,312.12283326257017,20.0,0.7,30,ResNet50
2023-12-15 15:38:15,desktop computer,odometer,0.030298659577965736,0.05975513160228729,750.0,0.5193123301149485,121.37524317276672,20.0,0.7,30,ResNet50
2023-12-15 15:38:17,upright,projector,0.02897493727505207,0.05759359896183014,750.0,-0.11061032467609211,92.85805007526086,20.0,0.7,30,ResNet50
2023-12-15 15:38:19,espresso maker,odometer,0.020085478201508522,0.1509997397661209,750.0,-0.621191953388394,413.9470771969714,20.0,0.7,30,ResNet50
2023-12-15 15:50:18,refrigerator,cash machine,0.19781936705112457,0.10265442728996277,750.0,0.3170120593132395,73.56499797768973,20.0,0.7,30,ResNet50
2023-12-15 15:51:28,refrigerator,cash machine,0.24247433245182037,0.0851539820432663,750.0,-0.020337418846769317,239.5368155290199,20.0,0.7,30,ResNet50
2023-12-15 15:51:30,refrigerator,cash machine,0.2970617413520813,0.10181110352277756,750.0,-0.3327801806251147,327.0881188455061,20.0,0.7,30,ResNet50
2023-12-15 15:51:33,refrigerator,safe,0.2480454444885254,0.3044102191925049,750.0,-0.07676407877878022,309.20626823106966,20.0,0.7,30,ResNet50
2023-12-15 15:51:35,refrigerator,cash machine,0.19878150522708893,0.08332143723964691,750.0,0.03725141401993626,327.8518330893577,20.0,0.7,30,ResNet50
2023-12-15 15:51:37,refrigerator,safe,0.20036374032497406,0.14749683439731598,750.0,0.12519453813431847,119.7178586676675,20.0,0.7,30,ResNet50
2023-12-15 15:51:39,refrigerator,cash machine,0.2061966359615326,0.16580122709274292,750.0,-0.05221144564858671,224.9214725428067,20.0,0.7,30,ResNet50
2023-12-15 15:51:41,refrigerator,safe,0.22377969324588776,0.3046518564224243,750.0,-0.06480985392389926,280.4895324529873,20.0,0.7,30,ResNet50
2023-12-15 15:51:43,refrigerator,odometer,0.2277403473854065,0.063707135617733,750.0,-0.37463467691835173,277.83920222003206,20.0,0.7,30,ResNet50
2023-12-15 15:51:45,refrigerator,cash machine,0.22857633233070374,0.14265014231204987,750.0,-0.14028377150505578,220.9672118928719,20.0,0.7,30,ResNet50
2023-12-15 15:51:47,refrigerator,cash machine,0.17477890849113464,0.08809249848127365,750.0,0.15648637898631113,61.05592438447558,20.0,0.7,30,ResNet50
2023-12-15 20:04:52,pencil box,racket,0.14480562508106232,0.28650274872779846,750.0,-0.43615918287786903,402.97896781305553,20.0,0.7,30,ResNet50
2023-12-15 20:04:56,pencil box,racket,0.18076886236667633,0.1493842452764511,750,0.2129837800091764,206.52858020205184,20.0,0.7,60,ResNet50
2023-12-15 20:04:58,pencil box,racket,0.18444578349590302,0.14598031342029572,750.0,0.5372892503386355,17.113995775209524,20.0,0.7,30,ResNet50
2023-12-15 20:05:00,pencil box,racket,0.14479178190231323,0.093387670814991,750.0,0.38474652933063047,74.63434999547354,20.0,0.7,30,ResNet50
2023-12-15 20:05:02,pencil box,racket,0.17263178527355194,0.11848806589841843,750.0,-0.54554237501634,387.8146959777689,20.0,0.7,30,ResNet50
2023-12-15 20:05:04,pencil box,racket,0.19402316212654114,0.1254805475473404,750.0,-0.580501686890612,413.0920286202198,20.0,0.7,30,ResNet50
2023-12-15 20:05:06,pencil box,racket,0.1336909681558609,0.19274739921092987,750.0,0.5087146501391779,56.39914435272813,20.0,0.7,30,ResNet50
2023-12-15 20:05:08,pencil box,racket,0.20979425311088562,0.12899088859558105,750.0,0.5835101388030384,38.52283326257021,20.0,0.7,30,ResNet50
2023-12-15 20:05:10,pencil box,racket,0.15551763772964478,0.13901661336421967,750.0,-0.860706377347346,431.0165181036886,20.0,0.7,30,ResNet50
2023-12-15 20:05:12,pencil box,racket,0.1206836998462677,0.1008836105465889,750.0,0.48630746852172146,149.11948603418162,20.0,0.7,30,ResNet50
2023-12-15 20:06:18,pencil box,racket,0.15184386074543,0.2915158271789551,750.0,-0.43615918287786903,402.97896781305553,20.0,0.7,30,ResNet50
2023-12-15 20:06:20,pencil box,racket,0.1928132325410843,0.12525330483913422,750.0,-0.6081118027223501,308.6189244559034,20.0,0.7,30,ResNet50
2023-12-15 20:06:22,pencil box,racket,0.1907896250486374,0.12011164426803589,750.0,0.056145245950509404,267.95600447288285,20.0,0.7,30,ResNet50
2023-12-15 20:06:24,pencil box,racket,0.16397935152053833,0.18491806089878082,750.0,-0.07676407877878022,309.20626823106966,20.0,0.7,30,ResNet50
2023-12-15 20:06:27,pencil box,racket,0.17924192547798157,0.15253226459026337,750.0,0.5854213536117276,94.4073367677009,20.0,0.7,30,ResNet50
2023-12-15 20:06:28,pencil box,racket,0.19909535348415375,0.1940239816904068,750.0,0.4887073440980547,141.73943489653317,20.0,0.7,30,ResNet50
2023-12-15 20:06:32,pencil box,racket,0.17552277445793152,0.14217853546142578,750,0.08207723910880041,257.16138917948007,20.0,0.7,60,ResNet50
2023-12-15 20:06:35,pencil box,racket,0.22967541217803955,0.179474338889122,750.0,-0.6381627258932941,329.12649800703184,20.0,0.7,30,ResNet50
2023-12-15 20:06:37,pencil box,racket,0.19794289767742157,0.12907476723194122,750.0,0.1948498665806795,211.91392706719046,20.0,0.7,30,ResNet50
2023-12-15 20:06:41,pencil box,racket,0.22536596655845642,0.09844410419464111,750,-0.16917035055984442,332.2027898611205,20.0,0.7,60,ResNet50
2023-12-15 20:07:42,computer keyboard,odometer,0.052593983709812164,0.10049039125442505,750.0,0.6100791024576351,35.27589326364646,20.0,0.7,30,ResNet50
2023-12-15 20:13:40,pencil box,racket,0.1346801072359085,0.1571619063615799,750.0,-0.43615918287786903,402.97896781305553,20.0,0.7,30,ResNet50
2023-12-15 20:13:46,pencil box,racket,0.21893174946308136,0.1330869495868683,750,-0.1692103156734076,377.0737542674598,20.0,0.7,60,ResNet50
2023-12-15 20:13:50,pencil box,racket,0.16431209444999695,0.19736099243164062,750.0,-0.4711529508082717,309.3289039078278,20.0,0.7,30,ResNet50
2023-12-15 20:13:56,pencil box,racket,0.2102925330400467,0.1350051611661911,750,0.07675175909582244,275.07821043371985,20.0,0.7,60,ResNet50
2023-12-15 20:13:59,pencil box,racket,0.20638291537761688,0.1358088254928589,750.0,0.6066094142770124,88.81963561968725,20.0,0.7,30,ResNet50
2023-12-15 20:14:03,pencil box,racket,0.15071573853492737,0.11411534249782562,750.0,0.07147375674853551,291.27832126280964,20.0,0.7,30,ResNet50
2023-12-15 20:14:09,pencil box,racket,0.16224832832813263,0.2205437272787094,750,0.28371942398387084,140.45958027487882,20.0,0.7,60,ResNet50
2023-12-15 20:14:12,pencil box,racket,0.14437167346477509,0.1701684147119522,750.0,-0.3417452940804744,182.11129415106493,20.0,0.7,30,ResNet50
2023-12-15 20:14:14,pencil box,racket,0.15572470426559448,0.15034228563308716,750.0,-0.5804476925918511,308.0017779345135,20.0,0.7,30,ResNet50
2023-12-15 20:14:16,pencil box,racket,0.16770218312740326,0.14215534925460815,750.0,0.5752126295798843,9.754870262253714,20.0,0.7,30,ResNet50
2023-12-15 20:40:52,pencil box,racket,0.182015061378479,0.17231830954551697,750.0,-0.8123037630562017,429.53323014845444,20.0,0.7,30,ResNet50
2023-12-15 20:41:29,pencil box,backpack,0.18860970437526703,0.19937428832054138,750.0,0.2097146263599774,158.74833011323082,5.0,0.7,30,ResNet50
2023-12-15 20:41:49,pencil box,mailbag,0.21705931425094604,0.15046069025993347,750.0,-0.3327801806251147,327.0881188455061,10.0,0.7,30,ResNet50
2023-12-15 20:44:54,pencil box,mailbag,0.17703531682491302,0.1261041909456253,750.0,0.5141085842254909,103.98404217932125,20.0,0.7,30,ResNet50
2023-12-15 20:45:10,pencil box,mailbag,0.19246365129947662,0.12581604719161987,750.0,0.757338988758935,3.95683437523923,10.0,2.0,30,ResNet50
2023-12-15 20:46:12,pencil box,mailbag,0.19515745341777802,0.16986538469791412,750.0,0.5141085842254909,103.98404217932125,20.0,0.7,30,ResNet50
